window_id,window_start,window_end,ticker,sector,cluster,kmeans_cluster
0,2021-06-23,2021-10-28,AAPL,Information Technology,0,0
0,2021-06-23,2021-10-28,AMD,Information Technology,0,1
0,2021-06-23,2021-10-28,AMT,Real Estate,2,4
0,2021-06-23,2021-10-28,AMZN,Consumer Discretionary,0,5
0,2021-06-23,2021-10-28,AVGO,Information Technology,0,1
0,2021-06-23,2021-10-28,BA,Industrials,0,2
0,2021-06-23,2021-10-28,BAC,Financials,0,2
0,2021-06-23,2021-10-28,BRK.B,Financials,0,2
0,2021-06-23,2021-10-28,CAT,Industrials,0,2
0,2021-06-23,2021-10-28,COST,Consumer Staples,2,0
0,2021-06-23,2021-10-28,CRM,Information Technology,0,5
0,2021-06-23,2021-10-28,CSCO,Information Technology,0,0
0,2021-06-23,2021-10-28,CVX,Energy,0,2
0,2021-06-23,2021-10-28,DIS,Communication Services,0,2
0,2021-06-23,2021-10-28,DUK,Utilities,2,4
0,2021-06-23,2021-10-28,GE,Industrials,0,2
0,2021-06-23,2021-10-28,GOOG,Communication Services,0,5
0,2021-06-23,2021-10-28,GOOGL,Communication Services,0,5
0,2021-06-23,2021-10-28,GS,Financials,0,2
0,2021-06-23,2021-10-28,HD,Consumer Discretionary,0,0
0,2021-06-23,2021-10-28,INTC,Information Technology,0,1
0,2021-06-23,2021-10-28,JNJ,Health Care,2,4
0,2021-06-23,2021-10-28,JPM,Financials,0,2
0,2021-06-23,2021-10-28,KO,Consumer Staples,2,4
0,2021-06-23,2021-10-28,LIN,Materials,0,0
0,2021-06-23,2021-10-28,LLY,Health Care,2,4
0,2021-06-23,2021-10-28,MA,Financials,0,3
0,2021-06-23,2021-10-28,MCD,Consumer Discretionary,0,0
0,2021-06-23,2021-10-28,META,Communication Services,0,1
0,2021-06-23,2021-10-28,MS,Financials,0,2
0,2021-06-23,2021-10-28,MSFT,Information Technology,0,5
0,2021-06-23,2021-10-28,NEE,Utilities,2,4
0,2021-06-23,2021-10-28,NFLX,Communication Services,5,1
0,2021-06-23,2021-10-28,NKE,Consumer Discretionary,3,0
0,2021-06-23,2021-10-28,NVDA,Information Technology,0,1
0,2021-06-23,2021-10-28,ORCL,Information Technology,4,0
0,2021-06-23,2021-10-28,PEP,Consumer Staples,2,4
0,2021-06-23,2021-10-28,PFE,Health Care,2,4
0,2021-06-23,2021-10-28,PG,Consumer Staples,2,4
0,2021-06-23,2021-10-28,T,Communication Services,0,2
0,2021-06-23,2021-10-28,TSLA,Consumer Discretionary,1,1
0,2021-06-23,2021-10-28,UNH,Health Care,0,0
0,2021-06-23,2021-10-28,V,Financials,0,3
0,2021-06-23,2021-10-28,VZ,Communication Services,0,4
0,2021-06-23,2021-10-28,WMT,Consumer Staples,2,4
0,2021-06-23,2021-10-28,XOM,Energy,0,2
1,2021-07-08,2021-11-11,AAPL,Information Technology,0,1
1,2021-07-08,2021-11-11,AMD,Information Technology,0,1
1,2021-07-08,2021-11-11,AMT,Real Estate,1,2
1,2021-07-08,2021-11-11,AMZN,Consumer Discretionary,0,5
1,2021-07-08,2021-11-11,AVGO,Information Technology,0,1
1,2021-07-08,2021-11-11,BA,Industrials,4,3
1,2021-07-08,2021-11-11,BAC,Financials,4,3
1,2021-07-08,2021-11-11,BRK.B,Financials,4,3
1,2021-07-08,2021-11-11,CAT,Industrials,4,3
1,2021-07-08,2021-11-11,COST,Consumer Staples,0,1
1,2021-07-08,2021-11-11,CRM,Information Technology,0,5
1,2021-07-08,2021-11-11,CSCO,Information Technology,0,4
1,2021-07-08,2021-11-11,CVX,Energy,4,3
1,2021-07-08,2021-11-11,DIS,Communication Services,4,0
1,2021-07-08,2021-11-11,DUK,Utilities,1,2
1,2021-07-08,2021-11-11,GE,Industrials,4,3
1,2021-07-08,2021-11-11,GOOG,Communication Services,0,1
1,2021-07-08,2021-11-11,GOOGL,Communication Services,0,1
1,2021-07-08,2021-11-11,GS,Financials,4,3
1,2021-07-08,2021-11-11,HD,Consumer Discretionary,0,1
1,2021-07-08,2021-11-11,INTC,Information Technology,4,3
1,2021-07-08,2021-11-11,JNJ,Health Care,1,4
1,2021-07-08,2021-11-11,JPM,Financials,4,3
1,2021-07-08,2021-11-11,KO,Consumer Staples,1,2
1,2021-07-08,2021-11-11,LIN,Materials,0,1
1,2021-07-08,2021-11-11,LLY,Health Care,1,4
1,2021-07-08,2021-11-11,MA,Financials,4,0
1,2021-07-08,2021-11-11,MCD,Consumer Discretionary,0,1
1,2021-07-08,2021-11-11,META,Communication Services,0,1
1,2021-07-08,2021-11-11,MS,Financials,4,3
1,2021-07-08,2021-11-11,MSFT,Information Technology,0,1
1,2021-07-08,2021-11-11,NEE,Utilities,1,2
1,2021-07-08,2021-11-11,NFLX,Communication Services,5,5
1,2021-07-08,2021-11-11,NKE,Consumer Discretionary,0,1
1,2021-07-08,2021-11-11,NVDA,Information Technology,0,5
1,2021-07-08,2021-11-11,ORCL,Information Technology,2,4
1,2021-07-08,2021-11-11,PEP,Consumer Staples,1,2
1,2021-07-08,2021-11-11,PFE,Health Care,1,4
1,2021-07-08,2021-11-11,PG,Consumer Staples,1,2
1,2021-07-08,2021-11-11,T,Communication Services,4,3
1,2021-07-08,2021-11-11,TSLA,Consumer Discretionary,3,3
1,2021-07-08,2021-11-11,UNH,Health Care,0,1
1,2021-07-08,2021-11-11,V,Financials,4,0
1,2021-07-08,2021-11-11,VZ,Communication Services,4,2
1,2021-07-08,2021-11-11,WMT,Consumer Staples,0,4
1,2021-07-08,2021-11-11,XOM,Energy,4,3
2,2021-07-22,2021-11-26,AAPL,Information Technology,1,2
2,2021-07-22,2021-11-26,AMD,Information Technology,1,2
2,2021-07-22,2021-11-26,AMT,Real Estate,2,0
2,2021-07-22,2021-11-26,AMZN,Consumer Discretionary,1,2
2,2021-07-22,2021-11-26,AVGO,Information Technology,1,2
2,2021-07-22,2021-11-26,BA,Industrials,0,3
2,2021-07-22,2021-11-26,BAC,Financials,0,3
2,2021-07-22,2021-11-26,BRK.B,Financials,0,3
2,2021-07-22,2021-11-26,CAT,Industrials,0,3
2,2021-07-22,2021-11-26,COST,Consumer Staples,1,2
2,2021-07-22,2021-11-26,CRM,Information Technology,1,2
2,2021-07-22,2021-11-26,CSCO,Information Technology,2,1
2,2021-07-22,2021-11-26,CVX,Energy,0,3
2,2021-07-22,2021-11-26,DIS,Communication Services,0,4
2,2021-07-22,2021-11-26,DUK,Utilities,2,1
2,2021-07-22,2021-11-26,GE,Industrials,0,3
2,2021-07-22,2021-11-26,GOOG,Communication Services,1,2
2,2021-07-22,2021-11-26,GOOGL,Communication Services,1,2
2,2021-07-22,2021-11-26,GS,Financials,0,3
2,2021-07-22,2021-11-26,HD,Consumer Discretionary,1,2
2,2021-07-22,2021-11-26,INTC,Information Technology,0,4
2,2021-07-22,2021-11-26,JNJ,Health Care,2,0
2,2021-07-22,2021-11-26,JPM,Financials,0,3
2,2021-07-22,2021-11-26,KO,Consumer Staples,2,0
2,2021-07-22,2021-11-26,LIN,Materials,2,2
2,2021-07-22,2021-11-26,LLY,Health Care,2,0
2,2021-07-22,2021-11-26,MA,Financials,0,5
2,2021-07-22,2021-11-26,MCD,Consumer Discretionary,1,2
2,2021-07-22,2021-11-26,META,Communication Services,1,2
2,2021-07-22,2021-11-26,MS,Financials,0,3
2,2021-07-22,2021-11-26,MSFT,Information Technology,1,2
2,2021-07-22,2021-11-26,NEE,Utilities,2,0
2,2021-07-22,2021-11-26,NFLX,Communication Services,3,2
2,2021-07-22,2021-11-26,NKE,Consumer Discretionary,1,2
2,2021-07-22,2021-11-26,NVDA,Information Technology,1,2
2,2021-07-22,2021-11-26,ORCL,Information Technology,0,3
2,2021-07-22,2021-11-26,PEP,Consumer Staples,2,0
2,2021-07-22,2021-11-26,PFE,Health Care,4,1
2,2021-07-22,2021-11-26,PG,Consumer Staples,2,0
2,2021-07-22,2021-11-26,T,Communication Services,0,1
2,2021-07-22,2021-11-26,TSLA,Consumer Discretionary,5,4
2,2021-07-22,2021-11-26,UNH,Health Care,2,0
2,2021-07-22,2021-11-26,V,Financials,0,5
2,2021-07-22,2021-11-26,VZ,Communication Services,0,1
2,2021-07-22,2021-11-26,WMT,Consumer Staples,1,0
2,2021-07-22,2021-11-26,XOM,Energy,0,3
3,2021-08-05,2021-12-10,AAPL,Information Technology,0,3
3,2021-08-05,2021-12-10,AMD,Information Technology,0,5
3,2021-08-05,2021-12-10,AMT,Real Estate,1,1
3,2021-08-05,2021-12-10,AMZN,Consumer Discretionary,0,3
3,2021-08-05,2021-12-10,AVGO,Information Technology,0,4
3,2021-08-05,2021-12-10,BA,Industrials,4,0
3,2021-08-05,2021-12-10,BAC,Financials,4,2
3,2021-08-05,2021-12-10,BRK.B,Financials,4,2
3,2021-08-05,2021-12-10,CAT,Industrials,4,2
3,2021-08-05,2021-12-10,COST,Consumer Staples,0,4
3,2021-08-05,2021-12-10,CRM,Information Technology,0,5
3,2021-08-05,2021-12-10,CSCO,Information Technology,4,4
3,2021-08-05,2021-12-10,CVX,Energy,4,2
3,2021-08-05,2021-12-10,DIS,Communication Services,4,0
3,2021-08-05,2021-12-10,DUK,Utilities,1,1
3,2021-08-05,2021-12-10,GE,Industrials,4,2
3,2021-08-05,2021-12-10,GOOG,Communication Services,0,3
3,2021-08-05,2021-12-10,GOOGL,Communication Services,0,3
3,2021-08-05,2021-12-10,GS,Financials,4,2
3,2021-08-05,2021-12-10,HD,Consumer Discretionary,0,4
3,2021-08-05,2021-12-10,INTC,Information Technology,0,3
3,2021-08-05,2021-12-10,JNJ,Health Care,1,1
3,2021-08-05,2021-12-10,JPM,Financials,4,2
3,2021-08-05,2021-12-10,KO,Consumer Staples,1,1
3,2021-08-05,2021-12-10,LIN,Materials,4,3
3,2021-08-05,2021-12-10,LLY,Health Care,1,4
3,2021-08-05,2021-12-10,MA,Financials,4,0
3,2021-08-05,2021-12-10,MCD,Consumer Discretionary,4,3
3,2021-08-05,2021-12-10,META,Communication Services,0,3
3,2021-08-05,2021-12-10,MS,Financials,4,2
3,2021-08-05,2021-12-10,MSFT,Information Technology,0,3
3,2021-08-05,2021-12-10,NEE,Utilities,1,1
3,2021-08-05,2021-12-10,NFLX,Communication Services,5,4
3,2021-08-05,2021-12-10,NKE,Consumer Discretionary,0,5
3,2021-08-05,2021-12-10,NVDA,Information Technology,0,5
3,2021-08-05,2021-12-10,ORCL,Information Technology,0,4
3,2021-08-05,2021-12-10,PEP,Consumer Staples,1,1
3,2021-08-05,2021-12-10,PFE,Health Care,3,4
3,2021-08-05,2021-12-10,PG,Consumer Staples,1,1
3,2021-08-05,2021-12-10,T,Communication Services,4,1
3,2021-08-05,2021-12-10,TSLA,Consumer Discretionary,2,5
3,2021-08-05,2021-12-10,UNH,Health Care,4,3
3,2021-08-05,2021-12-10,V,Financials,4,0
3,2021-08-05,2021-12-10,VZ,Communication Services,4,1
3,2021-08-05,2021-12-10,WMT,Consumer Staples,1,4
3,2021-08-05,2021-12-10,XOM,Energy,4,2
4,2021-08-19,2021-12-27,AAPL,Information Technology,4,3
4,2021-08-19,2021-12-27,AMD,Information Technology,4,5
4,2021-08-19,2021-12-27,AMT,Real Estate,2,1
4,2021-08-19,2021-12-27,AMZN,Consumer Discretionary,4,3
4,2021-08-19,2021-12-27,AVGO,Information Technology,4,4
4,2021-08-19,2021-12-27,BA,Industrials,1,0
4,2021-08-19,2021-12-27,BAC,Financials,1,2
4,2021-08-19,2021-12-27,BRK.B,Financials,1,2
4,2021-08-19,2021-12-27,CAT,Industrials,1,2
4,2021-08-19,2021-12-27,COST,Consumer Staples,4,4
4,2021-08-19,2021-12-27,CRM,Information Technology,4,5
4,2021-08-19,2021-12-27,CSCO,Information Technology,4,4
4,2021-08-19,2021-12-27,CVX,Energy,1,2
4,2021-08-19,2021-12-27,DIS,Communication Services,1,0
4,2021-08-19,2021-12-27,DUK,Utilities,2,1
4,2021-08-19,2021-12-27,GE,Industrials,1,2
4,2021-08-19,2021-12-27,GOOG,Communication Services,4,3
4,2021-08-19,2021-12-27,GOOGL,Communication Services,4,3
4,2021-08-19,2021-12-27,GS,Financials,1,2
4,2021-08-19,2021-12-27,HD,Consumer Discretionary,4,4
4,2021-08-19,2021-12-27,INTC,Information Technology,4,3
4,2021-08-19,2021-12-27,JNJ,Health Care,2,1
4,2021-08-19,2021-12-27,JPM,Financials,1,2
4,2021-08-19,2021-12-27,KO,Consumer Staples,2,1
4,2021-08-19,2021-12-27,LIN,Materials,4,3
4,2021-08-19,2021-12-27,LLY,Health Care,2,4
4,2021-08-19,2021-12-27,MA,Financials,1,0
4,2021-08-19,2021-12-27,MCD,Consumer Discretionary,4,3
4,2021-08-19,2021-12-27,META,Communication Services,4,3
4,2021-08-19,2021-12-27,MS,Financials,1,2
4,2021-08-19,2021-12-27,MSFT,Information Technology,4,3
4,2021-08-19,2021-12-27,NEE,Utilities,2,1
4,2021-08-19,2021-12-27,NFLX,Communication Services,5,5
4,2021-08-19,2021-12-27,NKE,Consumer Discretionary,0,5
4,2021-08-19,2021-12-27,NVDA,Information Technology,4,5
4,2021-08-19,2021-12-27,ORCL,Information Technology,4,4
4,2021-08-19,2021-12-27,PEP,Consumer Staples,2,1
4,2021-08-19,2021-12-27,PFE,Health Care,3,1
4,2021-08-19,2021-12-27,PG,Consumer Staples,2,1
4,2021-08-19,2021-12-27,T,Communication Services,1,1
4,2021-08-19,2021-12-27,TSLA,Consumer Discretionary,0,5
4,2021-08-19,2021-12-27,UNH,Health Care,4,4
4,2021-08-19,2021-12-27,V,Financials,1,0
4,2021-08-19,2021-12-27,VZ,Communication Services,1,1
4,2021-08-19,2021-12-27,WMT,Consumer Staples,2,4
4,2021-08-19,2021-12-27,XOM,Energy,1,2
5,2021-09-02,2022-01-10,AAPL,Information Technology,2,0
5,2021-09-02,2022-01-10,AMD,Information Technology,2,0
5,2021-09-02,2022-01-10,AMT,Real Estate,0,5
5,2021-09-02,2022-01-10,AMZN,Consumer Discretionary,2,0
5,2021-09-02,2022-01-10,AVGO,Information Technology,2,0
5,2021-09-02,2022-01-10,BA,Industrials,1,1
5,2021-09-02,2022-01-10,BAC,Financials,1,1
5,2021-09-02,2022-01-10,BRK.B,Financials,1,1
5,2021-09-02,2022-01-10,CAT,Industrials,1,1
5,2021-09-02,2022-01-10,COST,Consumer Staples,2,0
5,2021-09-02,2022-01-10,CRM,Information Technology,2,0
5,2021-09-02,2022-01-10,CSCO,Information Technology,1,5
5,2021-09-02,2022-01-10,CVX,Energy,1,1
5,2021-09-02,2022-01-10,DIS,Communication Services,1,3
5,2021-09-02,2022-01-10,DUK,Utilities,0,4
5,2021-09-02,2022-01-10,GE,Industrials,1,1
5,2021-09-02,2022-01-10,GOOG,Communication Services,2,0
5,2021-09-02,2022-01-10,GOOGL,Communication Services,2,0
5,2021-09-02,2022-01-10,GS,Financials,1,1
5,2021-09-02,2022-01-10,HD,Consumer Discretionary,2,5
5,2021-09-02,2022-01-10,INTC,Information Technology,2,1
5,2021-09-02,2022-01-10,JNJ,Health Care,0,2
5,2021-09-02,2022-01-10,JPM,Financials,1,1
5,2021-09-02,2022-01-10,KO,Consumer Staples,0,2
5,2021-09-02,2022-01-10,LIN,Materials,2,5
5,2021-09-02,2022-01-10,LLY,Health Care,0,5
5,2021-09-02,2022-01-10,MA,Financials,1,3
5,2021-09-02,2022-01-10,MCD,Consumer Discretionary,1,5
5,2021-09-02,2022-01-10,META,Communication Services,2,0
5,2021-09-02,2022-01-10,MS,Financials,1,1
5,2021-09-02,2022-01-10,MSFT,Information Technology,2,0
5,2021-09-02,2022-01-10,NEE,Utilities,0,5
5,2021-09-02,2022-01-10,NFLX,Communication Services,2,0
5,2021-09-02,2022-01-10,NKE,Consumer Discretionary,5,5
5,2021-09-02,2022-01-10,NVDA,Information Technology,2,0
5,2021-09-02,2022-01-10,ORCL,Information Technology,4,2
5,2021-09-02,2022-01-10,PEP,Consumer Staples,0,2
5,2021-09-02,2022-01-10,PFE,Health Care,3,4
5,2021-09-02,2022-01-10,PG,Consumer Staples,0,2
5,2021-09-02,2022-01-10,T,Communication Services,1,4
5,2021-09-02,2022-01-10,TSLA,Consumer Discretionary,2,0
5,2021-09-02,2022-01-10,UNH,Health Care,2,5
5,2021-09-02,2022-01-10,V,Financials,1,3
5,2021-09-02,2022-01-10,VZ,Communication Services,1,4
5,2021-09-02,2022-01-10,WMT,Consumer Staples,0,2
5,2021-09-02,2022-01-10,XOM,Energy,1,1
6,2021-09-17,2022-01-25,AAPL,Information Technology,0,2
6,2021-09-17,2022-01-25,AMD,Information Technology,0,2
6,2021-09-17,2022-01-25,AMT,Real Estate,4,0
6,2021-09-17,2022-01-25,AMZN,Consumer Discretionary,0,2
6,2021-09-17,2022-01-25,AVGO,Information Technology,0,2
6,2021-09-17,2022-01-25,BA,Industrials,1,1
6,2021-09-17,2022-01-25,BAC,Financials,1,5
6,2021-09-17,2022-01-25,BRK.B,Financials,1,5
6,2021-09-17,2022-01-25,CAT,Industrials,1,5
6,2021-09-17,2022-01-25,COST,Consumer Staples,0,2
6,2021-09-17,2022-01-25,CRM,Information Technology,0,2
6,2021-09-17,2022-01-25,CSCO,Information Technology,0,0
6,2021-09-17,2022-01-25,CVX,Energy,1,5
6,2021-09-17,2022-01-25,DIS,Communication Services,1,1
6,2021-09-17,2022-01-25,DUK,Utilities,2,4
6,2021-09-17,2022-01-25,GE,Industrials,1,1
6,2021-09-17,2022-01-25,GOOG,Communication Services,0,2
6,2021-09-17,2022-01-25,GOOGL,Communication Services,0,2
6,2021-09-17,2022-01-25,GS,Financials,1,5
6,2021-09-17,2022-01-25,HD,Consumer Discretionary,0,0
6,2021-09-17,2022-01-25,INTC,Information Technology,0,2
6,2021-09-17,2022-01-25,JNJ,Health Care,5,4
6,2021-09-17,2022-01-25,JPM,Financials,1,5
6,2021-09-17,2022-01-25,KO,Consumer Staples,2,4
6,2021-09-17,2022-01-25,LIN,Materials,0,0
6,2021-09-17,2022-01-25,LLY,Health Care,5,3
6,2021-09-17,2022-01-25,MA,Financials,1,1
6,2021-09-17,2022-01-25,MCD,Consumer Discretionary,2,0
6,2021-09-17,2022-01-25,META,Communication Services,0,2
6,2021-09-17,2022-01-25,MS,Financials,1,5
6,2021-09-17,2022-01-25,MSFT,Information Technology,0,2
6,2021-09-17,2022-01-25,NEE,Utilities,2,4
6,2021-09-17,2022-01-25,NFLX,Communication Services,0,2
6,2021-09-17,2022-01-25,NKE,Consumer Discretionary,0,0
6,2021-09-17,2022-01-25,NVDA,Information Technology,0,2
6,2021-09-17,2022-01-25,ORCL,Information Technology,0,3
6,2021-09-17,2022-01-25,PEP,Consumer Staples,2,4
6,2021-09-17,2022-01-25,PFE,Health Care,3,3
6,2021-09-17,2022-01-25,PG,Consumer Staples,2,4
6,2021-09-17,2022-01-25,T,Communication Services,1,5
6,2021-09-17,2022-01-25,TSLA,Consumer Discretionary,0,2
6,2021-09-17,2022-01-25,UNH,Health Care,0,0
6,2021-09-17,2022-01-25,V,Financials,1,1
6,2021-09-17,2022-01-25,VZ,Communication Services,1,5
6,2021-09-17,2022-01-25,WMT,Consumer Staples,2,4
6,2021-09-17,2022-01-25,XOM,Energy,1,5
7,2021-10-01,2022-02-08,AAPL,Information Technology,0,4
7,2021-10-01,2022-02-08,AMD,Information Technology,0,4
7,2021-10-01,2022-02-08,AMT,Real Estate,0,4
7,2021-10-01,2022-02-08,AMZN,Consumer Discretionary,0,4
7,2021-10-01,2022-02-08,AVGO,Information Technology,0,4
7,2021-10-01,2022-02-08,BA,Industrials,1,1
7,2021-10-01,2022-02-08,BAC,Financials,1,3
7,2021-10-01,2022-02-08,BRK.B,Financials,1,3
7,2021-10-01,2022-02-08,CAT,Industrials,1,3
7,2021-10-01,2022-02-08,COST,Consumer Staples,0,4
7,2021-10-01,2022-02-08,CRM,Information Technology,0,4
7,2021-10-01,2022-02-08,CSCO,Information Technology,0,4
7,2021-10-01,2022-02-08,CVX,Energy,1,3
7,2021-10-01,2022-02-08,DIS,Communication Services,1,1
7,2021-10-01,2022-02-08,DUK,Utilities,2,2
7,2021-10-01,2022-02-08,GE,Industrials,1,3
7,2021-10-01,2022-02-08,GOOG,Communication Services,0,4
7,2021-10-01,2022-02-08,GOOGL,Communication Services,0,4
7,2021-10-01,2022-02-08,GS,Financials,1,3
7,2021-10-01,2022-02-08,HD,Consumer Discretionary,0,4
7,2021-10-01,2022-02-08,INTC,Information Technology,0,1
7,2021-10-01,2022-02-08,JNJ,Health Care,2,2
7,2021-10-01,2022-02-08,JPM,Financials,1,3
7,2021-10-01,2022-02-08,KO,Consumer Staples,2,2
7,2021-10-01,2022-02-08,LIN,Materials,0,1
7,2021-10-01,2022-02-08,LLY,Health Care,4,5
7,2021-10-01,2022-02-08,MA,Financials,1,1
7,2021-10-01,2022-02-08,MCD,Consumer Discretionary,0,1
7,2021-10-01,2022-02-08,META,Communication Services,0,1
7,2021-10-01,2022-02-08,MS,Financials,1,3
7,2021-10-01,2022-02-08,MSFT,Information Technology,0,4
7,2021-10-01,2022-02-08,NEE,Utilities,0,2
7,2021-10-01,2022-02-08,NFLX,Communication Services,0,1
7,2021-10-01,2022-02-08,NKE,Consumer Discretionary,0,1
7,2021-10-01,2022-02-08,NVDA,Information Technology,0,4
7,2021-10-01,2022-02-08,ORCL,Information Technology,4,5
7,2021-10-01,2022-02-08,PEP,Consumer Staples,2,2
7,2021-10-01,2022-02-08,PFE,Health Care,3,5
7,2021-10-01,2022-02-08,PG,Consumer Staples,2,2
7,2021-10-01,2022-02-08,T,Communication Services,5,0
7,2021-10-01,2022-02-08,TSLA,Consumer Discretionary,0,4
7,2021-10-01,2022-02-08,UNH,Health Care,0,4
7,2021-10-01,2022-02-08,V,Financials,1,1
7,2021-10-01,2022-02-08,VZ,Communication Services,5,0
7,2021-10-01,2022-02-08,WMT,Consumer Staples,2,2
7,2021-10-01,2022-02-08,XOM,Energy,1,3
8,2021-10-15,2022-02-23,AAPL,Information Technology,2,1
8,2021-10-15,2022-02-23,AMD,Information Technology,2,1
8,2021-10-15,2022-02-23,AMT,Real Estate,5,2
8,2021-10-15,2022-02-23,AMZN,Consumer Discretionary,2,1
8,2021-10-15,2022-02-23,AVGO,Information Technology,2,1
8,2021-10-15,2022-02-23,BA,Industrials,1,0
8,2021-10-15,2022-02-23,BAC,Financials,1,0
8,2021-10-15,2022-02-23,BRK.B,Financials,1,0
8,2021-10-15,2022-02-23,CAT,Industrials,1,0
8,2021-10-15,2022-02-23,COST,Consumer Staples,2,2
8,2021-10-15,2022-02-23,CRM,Information Technology,2,1
8,2021-10-15,2022-02-23,CSCO,Information Technology,0,2
8,2021-10-15,2022-02-23,CVX,Energy,1,0
8,2021-10-15,2022-02-23,DIS,Communication Services,1,0
8,2021-10-15,2022-02-23,DUK,Utilities,0,4
8,2021-10-15,2022-02-23,GE,Industrials,1,0
8,2021-10-15,2022-02-23,GOOG,Communication Services,2,1
8,2021-10-15,2022-02-23,GOOGL,Communication Services,2,1
8,2021-10-15,2022-02-23,GS,Financials,1,0
8,2021-10-15,2022-02-23,HD,Consumer Discretionary,2,2
8,2021-10-15,2022-02-23,INTC,Information Technology,2,1
8,2021-10-15,2022-02-23,JNJ,Health Care,0,4
8,2021-10-15,2022-02-23,JPM,Financials,1,0
8,2021-10-15,2022-02-23,KO,Consumer Staples,0,4
8,2021-10-15,2022-02-23,LIN,Materials,2,2
8,2021-10-15,2022-02-23,LLY,Health Care,2,3
8,2021-10-15,2022-02-23,MA,Financials,1,0
8,2021-10-15,2022-02-23,MCD,Consumer Discretionary,0,2
8,2021-10-15,2022-02-23,META,Communication Services,2,1
8,2021-10-15,2022-02-23,MS,Financials,1,0
8,2021-10-15,2022-02-23,MSFT,Information Technology,2,1
8,2021-10-15,2022-02-23,NEE,Utilities,5,2
8,2021-10-15,2022-02-23,NFLX,Communication Services,2,1
8,2021-10-15,2022-02-23,NKE,Consumer Discretionary,2,2
8,2021-10-15,2022-02-23,NVDA,Information Technology,2,1
8,2021-10-15,2022-02-23,ORCL,Information Technology,2,2
8,2021-10-15,2022-02-23,PEP,Consumer Staples,0,4
8,2021-10-15,2022-02-23,PFE,Health Care,3,3
8,2021-10-15,2022-02-23,PG,Consumer Staples,0,4
8,2021-10-15,2022-02-23,T,Communication Services,4,5
8,2021-10-15,2022-02-23,TSLA,Consumer Discretionary,2,1
8,2021-10-15,2022-02-23,UNH,Health Care,5,2
8,2021-10-15,2022-02-23,V,Financials,1,0
8,2021-10-15,2022-02-23,VZ,Communication Services,4,5
8,2021-10-15,2022-02-23,WMT,Consumer Staples,0,2
8,2021-10-15,2022-02-23,XOM,Energy,1,0
9,2021-10-29,2022-03-09,AAPL,Information Technology,1,2
9,2021-10-29,2022-03-09,AMD,Information Technology,1,2
9,2021-10-29,2022-03-09,AMT,Real Estate,2,4
9,2021-10-29,2022-03-09,AMZN,Consumer Discretionary,1,2
9,2021-10-29,2022-03-09,AVGO,Information Technology,1,2
9,2021-10-29,2022-03-09,BA,Industrials,1,1
9,2021-10-29,2022-03-09,BAC,Financials,1,5
9,2021-10-29,2022-03-09,BRK.B,Financials,1,5
9,2021-10-29,2022-03-09,CAT,Industrials,5,0
9,2021-10-29,2022-03-09,COST,Consumer Staples,1,4
9,2021-10-29,2022-03-09,CRM,Information Technology,1,2
9,2021-10-29,2022-03-09,CSCO,Information Technology,2,4
9,2021-10-29,2022-03-09,CVX,Energy,5,0
9,2021-10-29,2022-03-09,DIS,Communication Services,1,1
9,2021-10-29,2022-03-09,DUK,Utilities,0,3
9,2021-10-29,2022-03-09,GE,Industrials,1,1
9,2021-10-29,2022-03-09,GOOG,Communication Services,1,2
9,2021-10-29,2022-03-09,GOOGL,Communication Services,1,2
9,2021-10-29,2022-03-09,GS,Financials,1,5
9,2021-10-29,2022-03-09,HD,Consumer Discretionary,1,4
9,2021-10-29,2022-03-09,INTC,Information Technology,1,4
9,2021-10-29,2022-03-09,JNJ,Health Care,0,3
9,2021-10-29,2022-03-09,JPM,Financials,1,5
9,2021-10-29,2022-03-09,KO,Consumer Staples,0,3
9,2021-10-29,2022-03-09,LIN,Materials,1,5
9,2021-10-29,2022-03-09,LLY,Health Care,2,4
9,2021-10-29,2022-03-09,MA,Financials,1,1
9,2021-10-29,2022-03-09,MCD,Consumer Discretionary,1,5
9,2021-10-29,2022-03-09,META,Communication Services,1,2
9,2021-10-29,2022-03-09,MS,Financials,1,5
9,2021-10-29,2022-03-09,MSFT,Information Technology,1,2
9,2021-10-29,2022-03-09,NEE,Utilities,4,4
9,2021-10-29,2022-03-09,NFLX,Communication Services,1,2
9,2021-10-29,2022-03-09,NKE,Consumer Discretionary,1,2
9,2021-10-29,2022-03-09,NVDA,Information Technology,1,2
9,2021-10-29,2022-03-09,ORCL,Information Technology,1,4
9,2021-10-29,2022-03-09,PEP,Consumer Staples,0,3
9,2021-10-29,2022-03-09,PFE,Health Care,3,3
9,2021-10-29,2022-03-09,PG,Consumer Staples,0,3
9,2021-10-29,2022-03-09,T,Communication Services,0,3
9,2021-10-29,2022-03-09,TSLA,Consumer Discretionary,1,2
9,2021-10-29,2022-03-09,UNH,Health Care,0,3
9,2021-10-29,2022-03-09,V,Financials,1,1
9,2021-10-29,2022-03-09,VZ,Communication Services,0,3
9,2021-10-29,2022-03-09,WMT,Consumer Staples,0,3
9,2021-10-29,2022-03-09,XOM,Energy,5,0
10,2021-11-12,2022-03-23,AAPL,Information Technology,1,2
10,2021-11-12,2022-03-23,AMD,Information Technology,1,2
10,2021-11-12,2022-03-23,AMT,Real Estate,5,4
10,2021-11-12,2022-03-23,AMZN,Consumer Discretionary,1,2
10,2021-11-12,2022-03-23,AVGO,Information Technology,1,2
10,2021-11-12,2022-03-23,BA,Industrials,1,1
10,2021-11-12,2022-03-23,BAC,Financials,1,5
10,2021-11-12,2022-03-23,BRK.B,Financials,1,5
10,2021-11-12,2022-03-23,CAT,Industrials,2,0
10,2021-11-12,2022-03-23,COST,Consumer Staples,1,4
10,2021-11-12,2022-03-23,CRM,Information Technology,1,2
10,2021-11-12,2022-03-23,CSCO,Information Technology,1,4
10,2021-11-12,2022-03-23,CVX,Energy,2,0
10,2021-11-12,2022-03-23,DIS,Communication Services,1,1
10,2021-11-12,2022-03-23,DUK,Utilities,0,3
10,2021-11-12,2022-03-23,GE,Industrials,1,1
10,2021-11-12,2022-03-23,GOOG,Communication Services,1,2
10,2021-11-12,2022-03-23,GOOGL,Communication Services,1,2
10,2021-11-12,2022-03-23,GS,Financials,1,5
10,2021-11-12,2022-03-23,HD,Consumer Discretionary,1,4
10,2021-11-12,2022-03-23,INTC,Information Technology,1,2
10,2021-11-12,2022-03-23,JNJ,Health Care,0,3
10,2021-11-12,2022-03-23,JPM,Financials,1,5
10,2021-11-12,2022-03-23,KO,Consumer Staples,0,3
10,2021-11-12,2022-03-23,LIN,Materials,1,5
10,2021-11-12,2022-03-23,LLY,Health Care,5,4
10,2021-11-12,2022-03-23,MA,Financials,1,1
10,2021-11-12,2022-03-23,MCD,Consumer Discretionary,1,5
10,2021-11-12,2022-03-23,META,Communication Services,1,2
10,2021-11-12,2022-03-23,MS,Financials,1,5
10,2021-11-12,2022-03-23,MSFT,Information Technology,1,2
10,2021-11-12,2022-03-23,NEE,Utilities,4,4
10,2021-11-12,2022-03-23,NFLX,Communication Services,1,2
10,2021-11-12,2022-03-23,NKE,Consumer Discretionary,1,2
10,2021-11-12,2022-03-23,NVDA,Information Technology,1,2
10,2021-11-12,2022-03-23,ORCL,Information Technology,1,4
10,2021-11-12,2022-03-23,PEP,Consumer Staples,0,3
10,2021-11-12,2022-03-23,PFE,Health Care,3,3
10,2021-11-12,2022-03-23,PG,Consumer Staples,0,3
10,2021-11-12,2022-03-23,T,Communication Services,0,3
10,2021-11-12,2022-03-23,TSLA,Consumer Discretionary,1,2
10,2021-11-12,2022-03-23,UNH,Health Care,0,3
10,2021-11-12,2022-03-23,V,Financials,1,1
10,2021-11-12,2022-03-23,VZ,Communication Services,0,3
10,2021-11-12,2022-03-23,WMT,Consumer Staples,0,3
10,2021-11-12,2022-03-23,XOM,Energy,2,0
11,2021-11-29,2022-04-06,AAPL,Information Technology,2,2
11,2021-11-29,2022-04-06,AMD,Information Technology,2,2
11,2021-11-29,2022-04-06,AMT,Real Estate,2,3
11,2021-11-29,2022-04-06,AMZN,Consumer Discretionary,2,2
11,2021-11-29,2022-04-06,AVGO,Information Technology,2,2
11,2021-11-29,2022-04-06,BA,Industrials,2,5
11,2021-11-29,2022-04-06,BAC,Financials,2,1
11,2021-11-29,2022-04-06,BRK.B,Financials,2,1
11,2021-11-29,2022-04-06,CAT,Industrials,0,0
11,2021-11-29,2022-04-06,COST,Consumer Staples,2,3
11,2021-11-29,2022-04-06,CRM,Information Technology,2,2
11,2021-11-29,2022-04-06,CSCO,Information Technology,2,3
11,2021-11-29,2022-04-06,CVX,Energy,0,0
11,2021-11-29,2022-04-06,DIS,Communication Services,2,5
11,2021-11-29,2022-04-06,DUK,Utilities,1,4
11,2021-11-29,2022-04-06,GE,Industrials,2,5
11,2021-11-29,2022-04-06,GOOG,Communication Services,2,2
11,2021-11-29,2022-04-06,GOOGL,Communication Services,2,2
11,2021-11-29,2022-04-06,GS,Financials,2,1
11,2021-11-29,2022-04-06,HD,Consumer Discretionary,2,3
11,2021-11-29,2022-04-06,INTC,Information Technology,2,2
11,2021-11-29,2022-04-06,JNJ,Health Care,1,4
11,2021-11-29,2022-04-06,JPM,Financials,2,1
11,2021-11-29,2022-04-06,KO,Consumer Staples,1,4
11,2021-11-29,2022-04-06,LIN,Materials,2,1
11,2021-11-29,2022-04-06,LLY,Health Care,4,3
11,2021-11-29,2022-04-06,MA,Financials,2,5
11,2021-11-29,2022-04-06,MCD,Consumer Discretionary,2,5
11,2021-11-29,2022-04-06,META,Communication Services,2,2
11,2021-11-29,2022-04-06,MS,Financials,2,1
11,2021-11-29,2022-04-06,MSFT,Information Technology,2,2
11,2021-11-29,2022-04-06,NEE,Utilities,3,3
11,2021-11-29,2022-04-06,NFLX,Communication Services,2,2
11,2021-11-29,2022-04-06,NKE,Consumer Discretionary,2,5
11,2021-11-29,2022-04-06,NVDA,Information Technology,2,2
11,2021-11-29,2022-04-06,ORCL,Information Technology,2,3
11,2021-11-29,2022-04-06,PEP,Consumer Staples,1,4
11,2021-11-29,2022-04-06,PFE,Health Care,4,4
11,2021-11-29,2022-04-06,PG,Consumer Staples,1,4
11,2021-11-29,2022-04-06,T,Communication Services,5,4
11,2021-11-29,2022-04-06,TSLA,Consumer Discretionary,2,2
11,2021-11-29,2022-04-06,UNH,Health Care,1,4
11,2021-11-29,2022-04-06,V,Financials,2,5
11,2021-11-29,2022-04-06,VZ,Communication Services,5,4
11,2021-11-29,2022-04-06,WMT,Consumer Staples,1,4
11,2021-11-29,2022-04-06,XOM,Energy,0,0
12,2021-12-13,2022-04-21,AAPL,Information Technology,0,3
12,2021-12-13,2022-04-21,AMD,Information Technology,0,3
12,2021-12-13,2022-04-21,AMT,Real Estate,0,5
12,2021-12-13,2022-04-21,AMZN,Consumer Discretionary,0,3
12,2021-12-13,2022-04-21,AVGO,Information Technology,0,3
12,2021-12-13,2022-04-21,BA,Industrials,0,0
12,2021-12-13,2022-04-21,BAC,Financials,0,1
12,2021-12-13,2022-04-21,BRK.B,Financials,0,1
12,2021-12-13,2022-04-21,CAT,Industrials,5,4
12,2021-12-13,2022-04-21,COST,Consumer Staples,0,5
12,2021-12-13,2022-04-21,CRM,Information Technology,0,3
12,2021-12-13,2022-04-21,CSCO,Information Technology,0,5
12,2021-12-13,2022-04-21,CVX,Energy,2,4
12,2021-12-13,2022-04-21,DIS,Communication Services,0,0
12,2021-12-13,2022-04-21,DUK,Utilities,1,2
12,2021-12-13,2022-04-21,GE,Industrials,0,0
12,2021-12-13,2022-04-21,GOOG,Communication Services,0,3
12,2021-12-13,2022-04-21,GOOGL,Communication Services,0,3
12,2021-12-13,2022-04-21,GS,Financials,0,1
12,2021-12-13,2022-04-21,HD,Consumer Discretionary,0,5
12,2021-12-13,2022-04-21,INTC,Information Technology,0,3
12,2021-12-13,2022-04-21,JNJ,Health Care,1,2
12,2021-12-13,2022-04-21,JPM,Financials,0,1
12,2021-12-13,2022-04-21,KO,Consumer Staples,1,2
12,2021-12-13,2022-04-21,LIN,Materials,0,1
12,2021-12-13,2022-04-21,LLY,Health Care,1,5
12,2021-12-13,2022-04-21,MA,Financials,0,0
12,2021-12-13,2022-04-21,MCD,Consumer Discretionary,0,1
12,2021-12-13,2022-04-21,META,Communication Services,0,3
12,2021-12-13,2022-04-21,MS,Financials,0,1
12,2021-12-13,2022-04-21,MSFT,Information Technology,0,3
12,2021-12-13,2022-04-21,NEE,Utilities,3,5
12,2021-12-13,2022-04-21,NFLX,Communication Services,0,3
12,2021-12-13,2022-04-21,NKE,Consumer Discretionary,0,0
12,2021-12-13,2022-04-21,NVDA,Information Technology,0,3
12,2021-12-13,2022-04-21,ORCL,Information Technology,0,3
12,2021-12-13,2022-04-21,PEP,Consumer Staples,1,2
12,2021-12-13,2022-04-21,PFE,Health Care,1,5
12,2021-12-13,2022-04-21,PG,Consumer Staples,1,2
12,2021-12-13,2022-04-21,T,Communication Services,4,2
12,2021-12-13,2022-04-21,TSLA,Consumer Discretionary,0,3
12,2021-12-13,2022-04-21,UNH,Health Care,1,5
12,2021-12-13,2022-04-21,V,Financials,0,0
12,2021-12-13,2022-04-21,VZ,Communication Services,4,2
12,2021-12-13,2022-04-21,WMT,Consumer Staples,1,5
12,2021-12-13,2022-04-21,XOM,Energy,2,4
13,2021-12-28,2022-05-05,AAPL,Information Technology,2,3
13,2021-12-28,2022-05-05,AMD,Information Technology,2,3
13,2021-12-28,2022-05-05,AMT,Real Estate,0,5
13,2021-12-28,2022-05-05,AMZN,Consumer Discretionary,2,3
13,2021-12-28,2022-05-05,AVGO,Information Technology,2,3
13,2021-12-28,2022-05-05,BA,Industrials,2,0
13,2021-12-28,2022-05-05,BAC,Financials,2,1
13,2021-12-28,2022-05-05,BRK.B,Financials,2,1
13,2021-12-28,2022-05-05,CAT,Industrials,5,1
13,2021-12-28,2022-05-05,COST,Consumer Staples,2,5
13,2021-12-28,2022-05-05,CRM,Information Technology,2,3
13,2021-12-28,2022-05-05,CSCO,Information Technology,2,5
13,2021-12-28,2022-05-05,CVX,Energy,4,4
13,2021-12-28,2022-05-05,DIS,Communication Services,2,0
13,2021-12-28,2022-05-05,DUK,Utilities,0,2
13,2021-12-28,2022-05-05,GE,Industrials,2,0
13,2021-12-28,2022-05-05,GOOG,Communication Services,2,3
13,2021-12-28,2022-05-05,GOOGL,Communication Services,2,3
13,2021-12-28,2022-05-05,GS,Financials,2,1
13,2021-12-28,2022-05-05,HD,Consumer Discretionary,2,5
13,2021-12-28,2022-05-05,INTC,Information Technology,2,3
13,2021-12-28,2022-05-05,JNJ,Health Care,0,2
13,2021-12-28,2022-05-05,JPM,Financials,2,1
13,2021-12-28,2022-05-05,KO,Consumer Staples,0,2
13,2021-12-28,2022-05-05,LIN,Materials,2,1
13,2021-12-28,2022-05-05,LLY,Health Care,0,5
13,2021-12-28,2022-05-05,MA,Financials,2,3
13,2021-12-28,2022-05-05,MCD,Consumer Discretionary,2,5
13,2021-12-28,2022-05-05,META,Communication Services,2,3
13,2021-12-28,2022-05-05,MS,Financials,2,1
13,2021-12-28,2022-05-05,MSFT,Information Technology,2,3
13,2021-12-28,2022-05-05,NEE,Utilities,3,5
13,2021-12-28,2022-05-05,NFLX,Communication Services,2,3
13,2021-12-28,2022-05-05,NKE,Consumer Discretionary,2,1
13,2021-12-28,2022-05-05,NVDA,Information Technology,2,3
13,2021-12-28,2022-05-05,ORCL,Information Technology,2,3
13,2021-12-28,2022-05-05,PEP,Consumer Staples,0,2
13,2021-12-28,2022-05-05,PFE,Health Care,0,5
13,2021-12-28,2022-05-05,PG,Consumer Staples,0,2
13,2021-12-28,2022-05-05,T,Communication Services,1,2
13,2021-12-28,2022-05-05,TSLA,Consumer Discretionary,2,3
13,2021-12-28,2022-05-05,UNH,Health Care,0,5
13,2021-12-28,2022-05-05,V,Financials,2,1
13,2021-12-28,2022-05-05,VZ,Communication Services,1,2
13,2021-12-28,2022-05-05,WMT,Consumer Staples,0,5
13,2021-12-28,2022-05-05,XOM,Energy,4,4
14,2022-01-11,2022-05-19,AAPL,Information Technology,2,0
14,2022-01-11,2022-05-19,AMD,Information Technology,2,0
14,2022-01-11,2022-05-19,AMT,Real Estate,1,4
14,2022-01-11,2022-05-19,AMZN,Consumer Discretionary,2,0
14,2022-01-11,2022-05-19,AVGO,Information Technology,2,0
14,2022-01-11,2022-05-19,BA,Industrials,2,0
14,2022-01-11,2022-05-19,BAC,Financials,2,3
14,2022-01-11,2022-05-19,BRK.B,Financials,0,3
14,2022-01-11,2022-05-19,CAT,Industrials,5,2
14,2022-01-11,2022-05-19,COST,Consumer Staples,2,5
14,2022-01-11,2022-05-19,CRM,Information Technology,2,0
14,2022-01-11,2022-05-19,CSCO,Information Technology,2,5
14,2022-01-11,2022-05-19,CVX,Energy,4,2
14,2022-01-11,2022-05-19,DIS,Communication Services,2,0
14,2022-01-11,2022-05-19,DUK,Utilities,0,1
14,2022-01-11,2022-05-19,GE,Industrials,2,0
14,2022-01-11,2022-05-19,GOOG,Communication Services,2,0
14,2022-01-11,2022-05-19,GOOGL,Communication Services,2,0
14,2022-01-11,2022-05-19,GS,Financials,2,3
14,2022-01-11,2022-05-19,HD,Consumer Discretionary,2,5
14,2022-01-11,2022-05-19,INTC,Information Technology,2,0
14,2022-01-11,2022-05-19,JNJ,Health Care,0,5
14,2022-01-11,2022-05-19,JPM,Financials,2,3
14,2022-01-11,2022-05-19,KO,Consumer Staples,0,1
14,2022-01-11,2022-05-19,LIN,Materials,2,3
14,2022-01-11,2022-05-19,LLY,Health Care,0,5
14,2022-01-11,2022-05-19,MA,Financials,2,0
14,2022-01-11,2022-05-19,MCD,Consumer Discretionary,0,5
14,2022-01-11,2022-05-19,META,Communication Services,2,0
14,2022-01-11,2022-05-19,MS,Financials,2,3
14,2022-01-11,2022-05-19,MSFT,Information Technology,2,0
14,2022-01-11,2022-05-19,NEE,Utilities,3,5
14,2022-01-11,2022-05-19,NFLX,Communication Services,2,0
14,2022-01-11,2022-05-19,NKE,Consumer Discretionary,2,0
14,2022-01-11,2022-05-19,NVDA,Information Technology,2,0
14,2022-01-11,2022-05-19,ORCL,Information Technology,2,0
14,2022-01-11,2022-05-19,PEP,Consumer Staples,0,1
14,2022-01-11,2022-05-19,PFE,Health Care,0,3
14,2022-01-11,2022-05-19,PG,Consumer Staples,0,1
14,2022-01-11,2022-05-19,T,Communication Services,1,4
14,2022-01-11,2022-05-19,TSLA,Consumer Discretionary,2,0
14,2022-01-11,2022-05-19,UNH,Health Care,0,5
14,2022-01-11,2022-05-19,V,Financials,2,0
14,2022-01-11,2022-05-19,VZ,Communication Services,1,4
14,2022-01-11,2022-05-19,WMT,Consumer Staples,0,1
14,2022-01-11,2022-05-19,XOM,Energy,4,2
15,2022-01-26,2022-06-03,AAPL,Information Technology,2,2
15,2022-01-26,2022-06-03,AMD,Information Technology,2,2
15,2022-01-26,2022-06-03,AMT,Real Estate,1,0
15,2022-01-26,2022-06-03,AMZN,Consumer Discretionary,2,2
15,2022-01-26,2022-06-03,AVGO,Information Technology,2,2
15,2022-01-26,2022-06-03,BA,Industrials,2,3
15,2022-01-26,2022-06-03,BAC,Financials,2,3
15,2022-01-26,2022-06-03,BRK.B,Financials,0,3
15,2022-01-26,2022-06-03,CAT,Industrials,5,4
15,2022-01-26,2022-06-03,COST,Consumer Staples,0,1
15,2022-01-26,2022-06-03,CRM,Information Technology,2,2
15,2022-01-26,2022-06-03,CSCO,Information Technology,0,2
15,2022-01-26,2022-06-03,CVX,Energy,4,4
15,2022-01-26,2022-06-03,DIS,Communication Services,2,2
15,2022-01-26,2022-06-03,DUK,Utilities,1,0
15,2022-01-26,2022-06-03,GE,Industrials,2,3
15,2022-01-26,2022-06-03,GOOG,Communication Services,2,2
15,2022-01-26,2022-06-03,GOOGL,Communication Services,2,2
15,2022-01-26,2022-06-03,GS,Financials,2,3
15,2022-01-26,2022-06-03,HD,Consumer Discretionary,0,2
15,2022-01-26,2022-06-03,INTC,Information Technology,2,2
15,2022-01-26,2022-06-03,JNJ,Health Care,0,5
15,2022-01-26,2022-06-03,JPM,Financials,2,3
15,2022-01-26,2022-06-03,KO,Consumer Staples,0,1
15,2022-01-26,2022-06-03,LIN,Materials,2,3
15,2022-01-26,2022-06-03,LLY,Health Care,0,5
15,2022-01-26,2022-06-03,MA,Financials,2,2
15,2022-01-26,2022-06-03,MCD,Consumer Discretionary,0,1
15,2022-01-26,2022-06-03,META,Communication Services,2,2
15,2022-01-26,2022-06-03,MS,Financials,2,3
15,2022-01-26,2022-06-03,MSFT,Information Technology,2,2
15,2022-01-26,2022-06-03,NEE,Utilities,3,0
15,2022-01-26,2022-06-03,NFLX,Communication Services,2,2
15,2022-01-26,2022-06-03,NKE,Consumer Discretionary,2,2
15,2022-01-26,2022-06-03,NVDA,Information Technology,2,2
15,2022-01-26,2022-06-03,ORCL,Information Technology,2,2
15,2022-01-26,2022-06-03,PEP,Consumer Staples,0,1
15,2022-01-26,2022-06-03,PFE,Health Care,0,5
15,2022-01-26,2022-06-03,PG,Consumer Staples,0,1
15,2022-01-26,2022-06-03,T,Communication Services,1,0
15,2022-01-26,2022-06-03,TSLA,Consumer Discretionary,2,2
15,2022-01-26,2022-06-03,UNH,Health Care,0,5
15,2022-01-26,2022-06-03,V,Financials,2,2
15,2022-01-26,2022-06-03,VZ,Communication Services,1,0
15,2022-01-26,2022-06-03,WMT,Consumer Staples,0,1
15,2022-01-26,2022-06-03,XOM,Energy,4,4
16,2022-02-09,2022-06-17,AAPL,Information Technology,2,2
16,2022-02-09,2022-06-17,AMD,Information Technology,2,2
16,2022-02-09,2022-06-17,AMT,Real Estate,1,1
16,2022-02-09,2022-06-17,AMZN,Consumer Discretionary,2,2
16,2022-02-09,2022-06-17,AVGO,Information Technology,2,2
16,2022-02-09,2022-06-17,BA,Industrials,2,2
16,2022-02-09,2022-06-17,BAC,Financials,2,5
16,2022-02-09,2022-06-17,BRK.B,Financials,0,1
16,2022-02-09,2022-06-17,CAT,Industrials,5,5
16,2022-02-09,2022-06-17,COST,Consumer Staples,2,1
16,2022-02-09,2022-06-17,CRM,Information Technology,2,0
16,2022-02-09,2022-06-17,CSCO,Information Technology,2,5
16,2022-02-09,2022-06-17,CVX,Energy,4,4
16,2022-02-09,2022-06-17,DIS,Communication Services,2,2
16,2022-02-09,2022-06-17,DUK,Utilities,0,1
16,2022-02-09,2022-06-17,GE,Industrials,2,5
16,2022-02-09,2022-06-17,GOOG,Communication Services,2,2
16,2022-02-09,2022-06-17,GOOGL,Communication Services,2,2
16,2022-02-09,2022-06-17,GS,Financials,2,5
16,2022-02-09,2022-06-17,HD,Consumer Discretionary,2,5
16,2022-02-09,2022-06-17,INTC,Information Technology,2,2
16,2022-02-09,2022-06-17,JNJ,Health Care,0,1
16,2022-02-09,2022-06-17,JPM,Financials,2,5
16,2022-02-09,2022-06-17,KO,Consumer Staples,0,3
16,2022-02-09,2022-06-17,LIN,Materials,2,5
16,2022-02-09,2022-06-17,LLY,Health Care,0,1
16,2022-02-09,2022-06-17,MA,Financials,2,0
16,2022-02-09,2022-06-17,MCD,Consumer Discretionary,0,3
16,2022-02-09,2022-06-17,META,Communication Services,2,2
16,2022-02-09,2022-06-17,MS,Financials,2,5
16,2022-02-09,2022-06-17,MSFT,Information Technology,2,0
16,2022-02-09,2022-06-17,NEE,Utilities,1,1
16,2022-02-09,2022-06-17,NFLX,Communication Services,2,2
16,2022-02-09,2022-06-17,NKE,Consumer Discretionary,2,0
16,2022-02-09,2022-06-17,NVDA,Information Technology,2,2
16,2022-02-09,2022-06-17,ORCL,Information Technology,2,0
16,2022-02-09,2022-06-17,PEP,Consumer Staples,0,3
16,2022-02-09,2022-06-17,PFE,Health Care,0,1
16,2022-02-09,2022-06-17,PG,Consumer Staples,0,3
16,2022-02-09,2022-06-17,T,Communication Services,3,1
16,2022-02-09,2022-06-17,TSLA,Consumer Discretionary,2,2
16,2022-02-09,2022-06-17,UNH,Health Care,0,1
16,2022-02-09,2022-06-17,V,Financials,2,0
16,2022-02-09,2022-06-17,VZ,Communication Services,3,1
16,2022-02-09,2022-06-17,WMT,Consumer Staples,0,3
16,2022-02-09,2022-06-17,XOM,Energy,4,4
17,2022-02-24,2022-07-05,AAPL,Information Technology,2,0
17,2022-02-24,2022-07-05,AMD,Information Technology,2,0
17,2022-02-24,2022-07-05,AMT,Real Estate,1,5
17,2022-02-24,2022-07-05,AMZN,Consumer Discretionary,2,0
17,2022-02-24,2022-07-05,AVGO,Information Technology,2,0
17,2022-02-24,2022-07-05,BA,Industrials,2,0
17,2022-02-24,2022-07-05,BAC,Financials,2,2
17,2022-02-24,2022-07-05,BRK.B,Financials,2,5
17,2022-02-24,2022-07-05,CAT,Industrials,4,4
17,2022-02-24,2022-07-05,COST,Consumer Staples,2,3
17,2022-02-24,2022-07-05,CRM,Information Technology,2,0
17,2022-02-24,2022-07-05,CSCO,Information Technology,2,2
17,2022-02-24,2022-07-05,CVX,Energy,4,4
17,2022-02-24,2022-07-05,DIS,Communication Services,2,0
17,2022-02-24,2022-07-05,DUK,Utilities,0,1
17,2022-02-24,2022-07-05,GE,Industrials,2,2
17,2022-02-24,2022-07-05,GOOG,Communication Services,2,0
17,2022-02-24,2022-07-05,GOOGL,Communication Services,2,0
17,2022-02-24,2022-07-05,GS,Financials,2,2
17,2022-02-24,2022-07-05,HD,Consumer Discretionary,2,0
17,2022-02-24,2022-07-05,INTC,Information Technology,2,0
17,2022-02-24,2022-07-05,JNJ,Health Care,0,3
17,2022-02-24,2022-07-05,JPM,Financials,2,2
17,2022-02-24,2022-07-05,KO,Consumer Staples,0,3
17,2022-02-24,2022-07-05,LIN,Materials,2,2
17,2022-02-24,2022-07-05,LLY,Health Care,5,5
17,2022-02-24,2022-07-05,MA,Financials,2,2
17,2022-02-24,2022-07-05,MCD,Consumer Discretionary,0,3
17,2022-02-24,2022-07-05,META,Communication Services,2,0
17,2022-02-24,2022-07-05,MS,Financials,2,2
17,2022-02-24,2022-07-05,MSFT,Information Technology,2,0
17,2022-02-24,2022-07-05,NEE,Utilities,1,1
17,2022-02-24,2022-07-05,NFLX,Communication Services,2,0
17,2022-02-24,2022-07-05,NKE,Consumer Discretionary,2,0
17,2022-02-24,2022-07-05,NVDA,Information Technology,2,0
17,2022-02-24,2022-07-05,ORCL,Information Technology,2,0
17,2022-02-24,2022-07-05,PEP,Consumer Staples,0,3
17,2022-02-24,2022-07-05,PFE,Health Care,5,5
17,2022-02-24,2022-07-05,PG,Consumer Staples,0,3
17,2022-02-24,2022-07-05,T,Communication Services,3,3
17,2022-02-24,2022-07-05,TSLA,Consumer Discretionary,2,0
17,2022-02-24,2022-07-05,UNH,Health Care,0,3
17,2022-02-24,2022-07-05,V,Financials,2,2
17,2022-02-24,2022-07-05,VZ,Communication Services,3,1
17,2022-02-24,2022-07-05,WMT,Consumer Staples,0,3
17,2022-02-24,2022-07-05,XOM,Energy,4,4
18,2022-03-10,2022-07-19,AAPL,Information Technology,1,1
18,2022-03-10,2022-07-19,AMD,Information Technology,1,1
18,2022-03-10,2022-07-19,AMT,Real Estate,0,2
18,2022-03-10,2022-07-19,AMZN,Consumer Discretionary,1,1
18,2022-03-10,2022-07-19,AVGO,Information Technology,1,1
18,2022-03-10,2022-07-19,BA,Industrials,1,1
18,2022-03-10,2022-07-19,BAC,Financials,1,0
18,2022-03-10,2022-07-19,BRK.B,Financials,1,0
18,2022-03-10,2022-07-19,CAT,Industrials,5,3
18,2022-03-10,2022-07-19,COST,Consumer Staples,2,5
18,2022-03-10,2022-07-19,CRM,Information Technology,1,1
18,2022-03-10,2022-07-19,CSCO,Information Technology,1,0
18,2022-03-10,2022-07-19,CVX,Energy,5,3
18,2022-03-10,2022-07-19,DIS,Communication Services,1,1
18,2022-03-10,2022-07-19,DUK,Utilities,0,2
18,2022-03-10,2022-07-19,GE,Industrials,1,0
18,2022-03-10,2022-07-19,GOOG,Communication Services,1,1
18,2022-03-10,2022-07-19,GOOGL,Communication Services,1,1
18,2022-03-10,2022-07-19,GS,Financials,1,0
18,2022-03-10,2022-07-19,HD,Consumer Discretionary,1,5
18,2022-03-10,2022-07-19,INTC,Information Technology,1,1
18,2022-03-10,2022-07-19,JNJ,Health Care,2,4
18,2022-03-10,2022-07-19,JPM,Financials,1,0
18,2022-03-10,2022-07-19,KO,Consumer Staples,2,4
18,2022-03-10,2022-07-19,LIN,Materials,1,0
18,2022-03-10,2022-07-19,LLY,Health Care,4,4
18,2022-03-10,2022-07-19,MA,Financials,1,0
18,2022-03-10,2022-07-19,MCD,Consumer Discretionary,2,5
18,2022-03-10,2022-07-19,META,Communication Services,1,1
18,2022-03-10,2022-07-19,MS,Financials,1,0
18,2022-03-10,2022-07-19,MSFT,Information Technology,1,1
18,2022-03-10,2022-07-19,NEE,Utilities,0,2
18,2022-03-10,2022-07-19,NFLX,Communication Services,1,1
18,2022-03-10,2022-07-19,NKE,Consumer Discretionary,1,1
18,2022-03-10,2022-07-19,NVDA,Information Technology,1,1
18,2022-03-10,2022-07-19,ORCL,Information Technology,1,5
18,2022-03-10,2022-07-19,PEP,Consumer Staples,2,5
18,2022-03-10,2022-07-19,PFE,Health Care,4,4
18,2022-03-10,2022-07-19,PG,Consumer Staples,2,4
18,2022-03-10,2022-07-19,T,Communication Services,3,2
18,2022-03-10,2022-07-19,TSLA,Consumer Discretionary,1,1
18,2022-03-10,2022-07-19,UNH,Health Care,2,4
18,2022-03-10,2022-07-19,V,Financials,1,0
18,2022-03-10,2022-07-19,VZ,Communication Services,3,2
18,2022-03-10,2022-07-19,WMT,Consumer Staples,2,5
18,2022-03-10,2022-07-19,XOM,Energy,5,3
19,2022-03-24,2022-08-02,AAPL,Information Technology,2,1
19,2022-03-24,2022-08-02,AMD,Information Technology,2,1
19,2022-03-24,2022-08-02,AMT,Real Estate,0,2
19,2022-03-24,2022-08-02,AMZN,Consumer Discretionary,2,1
19,2022-03-24,2022-08-02,AVGO,Information Technology,2,1
19,2022-03-24,2022-08-02,BA,Industrials,2,3
19,2022-03-24,2022-08-02,BAC,Financials,2,3
19,2022-03-24,2022-08-02,BRK.B,Financials,2,3
19,2022-03-24,2022-08-02,CAT,Industrials,3,3
19,2022-03-24,2022-08-02,COST,Consumer Staples,4,5
19,2022-03-24,2022-08-02,CRM,Information Technology,2,1
19,2022-03-24,2022-08-02,CSCO,Information Technology,2,3
19,2022-03-24,2022-08-02,CVX,Energy,3,3
19,2022-03-24,2022-08-02,DIS,Communication Services,2,1
19,2022-03-24,2022-08-02,DUK,Utilities,0,2
19,2022-03-24,2022-08-02,GE,Industrials,2,3
19,2022-03-24,2022-08-02,GOOG,Communication Services,2,1
19,2022-03-24,2022-08-02,GOOGL,Communication Services,2,1
19,2022-03-24,2022-08-02,GS,Financials,2,3
19,2022-03-24,2022-08-02,HD,Consumer Discretionary,2,1
19,2022-03-24,2022-08-02,INTC,Information Technology,2,1
19,2022-03-24,2022-08-02,JNJ,Health Care,0,5
19,2022-03-24,2022-08-02,JPM,Financials,2,3
19,2022-03-24,2022-08-02,KO,Consumer Staples,0,5
19,2022-03-24,2022-08-02,LIN,Materials,2,3
19,2022-03-24,2022-08-02,LLY,Health Care,5,4
19,2022-03-24,2022-08-02,MA,Financials,2,3
19,2022-03-24,2022-08-02,MCD,Consumer Discretionary,0,5
19,2022-03-24,2022-08-02,META,Communication Services,2,1
19,2022-03-24,2022-08-02,MS,Financials,2,3
19,2022-03-24,2022-08-02,MSFT,Information Technology,2,1
19,2022-03-24,2022-08-02,NEE,Utilities,0,2
19,2022-03-24,2022-08-02,NFLX,Communication Services,2,1
19,2022-03-24,2022-08-02,NKE,Consumer Discretionary,2,1
19,2022-03-24,2022-08-02,NVDA,Information Technology,2,1
19,2022-03-24,2022-08-02,ORCL,Information Technology,2,1
19,2022-03-24,2022-08-02,PEP,Consumer Staples,0,5
19,2022-03-24,2022-08-02,PFE,Health Care,5,4
19,2022-03-24,2022-08-02,PG,Consumer Staples,0,5
19,2022-03-24,2022-08-02,T,Communication Services,1,0
19,2022-03-24,2022-08-02,TSLA,Consumer Discretionary,2,1
19,2022-03-24,2022-08-02,UNH,Health Care,0,5
19,2022-03-24,2022-08-02,V,Financials,2,3
19,2022-03-24,2022-08-02,VZ,Communication Services,1,0
19,2022-03-24,2022-08-02,WMT,Consumer Staples,4,5
19,2022-03-24,2022-08-02,XOM,Energy,3,3
20,2022-04-07,2022-08-16,AAPL,Information Technology,1,1
20,2022-04-07,2022-08-16,AMD,Information Technology,1,1
20,2022-04-07,2022-08-16,AMT,Real Estate,0,2
20,2022-04-07,2022-08-16,AMZN,Consumer Discretionary,1,1
20,2022-04-07,2022-08-16,AVGO,Information Technology,1,1
20,2022-04-07,2022-08-16,BA,Industrials,1,1
20,2022-04-07,2022-08-16,BAC,Financials,1,0
20,2022-04-07,2022-08-16,BRK.B,Financials,1,0
20,2022-04-07,2022-08-16,CAT,Industrials,3,0
20,2022-04-07,2022-08-16,COST,Consumer Staples,2,5
20,2022-04-07,2022-08-16,CRM,Information Technology,1,1
20,2022-04-07,2022-08-16,CSCO,Information Technology,1,1
20,2022-04-07,2022-08-16,CVX,Energy,3,0
20,2022-04-07,2022-08-16,DIS,Communication Services,1,1
20,2022-04-07,2022-08-16,DUK,Utilities,0,2
20,2022-04-07,2022-08-16,GE,Industrials,1,0
20,2022-04-07,2022-08-16,GOOG,Communication Services,1,1
20,2022-04-07,2022-08-16,GOOGL,Communication Services,1,1
20,2022-04-07,2022-08-16,GS,Financials,1,0
20,2022-04-07,2022-08-16,HD,Consumer Discretionary,2,5
20,2022-04-07,2022-08-16,INTC,Information Technology,1,1
20,2022-04-07,2022-08-16,JNJ,Health Care,0,4
20,2022-04-07,2022-08-16,JPM,Financials,1,0
20,2022-04-07,2022-08-16,KO,Consumer Staples,0,4
20,2022-04-07,2022-08-16,LIN,Materials,1,0
20,2022-04-07,2022-08-16,LLY,Health Care,5,4
20,2022-04-07,2022-08-16,MA,Financials,1,0
20,2022-04-07,2022-08-16,MCD,Consumer Discretionary,0,4
20,2022-04-07,2022-08-16,META,Communication Services,1,1
20,2022-04-07,2022-08-16,MS,Financials,1,0
20,2022-04-07,2022-08-16,MSFT,Information Technology,1,1
20,2022-04-07,2022-08-16,NEE,Utilities,0,2
20,2022-04-07,2022-08-16,NFLX,Communication Services,1,1
20,2022-04-07,2022-08-16,NKE,Consumer Discretionary,1,1
20,2022-04-07,2022-08-16,NVDA,Information Technology,1,1
20,2022-04-07,2022-08-16,ORCL,Information Technology,1,5
20,2022-04-07,2022-08-16,PEP,Consumer Staples,0,4
20,2022-04-07,2022-08-16,PFE,Health Care,5,2
20,2022-04-07,2022-08-16,PG,Consumer Staples,0,4
20,2022-04-07,2022-08-16,T,Communication Services,4,3
20,2022-04-07,2022-08-16,TSLA,Consumer Discretionary,1,1
20,2022-04-07,2022-08-16,UNH,Health Care,0,4
20,2022-04-07,2022-08-16,V,Financials,1,0
20,2022-04-07,2022-08-16,VZ,Communication Services,4,3
20,2022-04-07,2022-08-16,WMT,Consumer Staples,2,5
20,2022-04-07,2022-08-16,XOM,Energy,3,0
21,2022-04-22,2022-08-30,AAPL,Information Technology,2,0
21,2022-04-22,2022-08-30,AMD,Information Technology,2,0
21,2022-04-22,2022-08-30,AMT,Real Estate,0,5
21,2022-04-22,2022-08-30,AMZN,Consumer Discretionary,2,0
21,2022-04-22,2022-08-30,AVGO,Information Technology,2,0
21,2022-04-22,2022-08-30,BA,Industrials,2,0
21,2022-04-22,2022-08-30,BAC,Financials,2,2
21,2022-04-22,2022-08-30,BRK.B,Financials,2,2
21,2022-04-22,2022-08-30,CAT,Industrials,4,2
21,2022-04-22,2022-08-30,COST,Consumer Staples,2,0
21,2022-04-22,2022-08-30,CRM,Information Technology,2,0
21,2022-04-22,2022-08-30,CSCO,Information Technology,2,0
21,2022-04-22,2022-08-30,CVX,Energy,4,4
21,2022-04-22,2022-08-30,DIS,Communication Services,2,0
21,2022-04-22,2022-08-30,DUK,Utilities,0,5
21,2022-04-22,2022-08-30,GE,Industrials,2,2
21,2022-04-22,2022-08-30,GOOG,Communication Services,2,0
21,2022-04-22,2022-08-30,GOOGL,Communication Services,2,0
21,2022-04-22,2022-08-30,GS,Financials,2,2
21,2022-04-22,2022-08-30,HD,Consumer Discretionary,2,0
21,2022-04-22,2022-08-30,INTC,Information Technology,2,0
21,2022-04-22,2022-08-30,JNJ,Health Care,5,1
21,2022-04-22,2022-08-30,JPM,Financials,2,2
21,2022-04-22,2022-08-30,KO,Consumer Staples,0,3
21,2022-04-22,2022-08-30,LIN,Materials,2,2
21,2022-04-22,2022-08-30,LLY,Health Care,5,1
21,2022-04-22,2022-08-30,MA,Financials,2,0
21,2022-04-22,2022-08-30,MCD,Consumer Discretionary,0,3
21,2022-04-22,2022-08-30,META,Communication Services,2,0
21,2022-04-22,2022-08-30,MS,Financials,2,2
21,2022-04-22,2022-08-30,MSFT,Information Technology,2,0
21,2022-04-22,2022-08-30,NEE,Utilities,0,5
21,2022-04-22,2022-08-30,NFLX,Communication Services,2,0
21,2022-04-22,2022-08-30,NKE,Consumer Discretionary,2,0
21,2022-04-22,2022-08-30,NVDA,Information Technology,2,0
21,2022-04-22,2022-08-30,ORCL,Information Technology,2,0
21,2022-04-22,2022-08-30,PEP,Consumer Staples,0,3
21,2022-04-22,2022-08-30,PFE,Health Care,5,1
21,2022-04-22,2022-08-30,PG,Consumer Staples,0,3
21,2022-04-22,2022-08-30,T,Communication Services,1,5
21,2022-04-22,2022-08-30,TSLA,Consumer Discretionary,2,0
21,2022-04-22,2022-08-30,UNH,Health Care,0,3
21,2022-04-22,2022-08-30,V,Financials,2,0
21,2022-04-22,2022-08-30,VZ,Communication Services,1,5
21,2022-04-22,2022-08-30,WMT,Consumer Staples,3,3
21,2022-04-22,2022-08-30,XOM,Energy,4,4
22,2022-05-06,2022-09-14,AAPL,Information Technology,1,0
22,2022-05-06,2022-09-14,AMD,Information Technology,1,0
22,2022-05-06,2022-09-14,AMT,Real Estate,0,5
22,2022-05-06,2022-09-14,AMZN,Consumer Discretionary,1,0
22,2022-05-06,2022-09-14,AVGO,Information Technology,1,0
22,2022-05-06,2022-09-14,BA,Industrials,1,0
22,2022-05-06,2022-09-14,BAC,Financials,1,2
22,2022-05-06,2022-09-14,BRK.B,Financials,1,2
22,2022-05-06,2022-09-14,CAT,Industrials,5,4
22,2022-05-06,2022-09-14,COST,Consumer Staples,4,3
22,2022-05-06,2022-09-14,CRM,Information Technology,1,0
22,2022-05-06,2022-09-14,CSCO,Information Technology,1,0
22,2022-05-06,2022-09-14,CVX,Energy,5,4
22,2022-05-06,2022-09-14,DIS,Communication Services,1,0
22,2022-05-06,2022-09-14,DUK,Utilities,0,5
22,2022-05-06,2022-09-14,GE,Industrials,1,2
22,2022-05-06,2022-09-14,GOOG,Communication Services,1,0
22,2022-05-06,2022-09-14,GOOGL,Communication Services,1,0
22,2022-05-06,2022-09-14,GS,Financials,1,2
22,2022-05-06,2022-09-14,HD,Consumer Discretionary,4,3
22,2022-05-06,2022-09-14,INTC,Information Technology,1,0
22,2022-05-06,2022-09-14,JNJ,Health Care,2,1
22,2022-05-06,2022-09-14,JPM,Financials,1,2
22,2022-05-06,2022-09-14,KO,Consumer Staples,0,3
22,2022-05-06,2022-09-14,LIN,Materials,1,2
22,2022-05-06,2022-09-14,LLY,Health Care,2,1
22,2022-05-06,2022-09-14,MA,Financials,1,0
22,2022-05-06,2022-09-14,MCD,Consumer Discretionary,0,3
22,2022-05-06,2022-09-14,META,Communication Services,1,0
22,2022-05-06,2022-09-14,MS,Financials,1,2
22,2022-05-06,2022-09-14,MSFT,Information Technology,1,0
22,2022-05-06,2022-09-14,NEE,Utilities,0,5
22,2022-05-06,2022-09-14,NFLX,Communication Services,1,0
22,2022-05-06,2022-09-14,NKE,Consumer Discretionary,1,0
22,2022-05-06,2022-09-14,NVDA,Information Technology,1,0
22,2022-05-06,2022-09-14,ORCL,Information Technology,1,0
22,2022-05-06,2022-09-14,PEP,Consumer Staples,0,3
22,2022-05-06,2022-09-14,PFE,Health Care,2,1
22,2022-05-06,2022-09-14,PG,Consumer Staples,0,3
22,2022-05-06,2022-09-14,T,Communication Services,3,5
22,2022-05-06,2022-09-14,TSLA,Consumer Discretionary,1,0
22,2022-05-06,2022-09-14,UNH,Health Care,0,3
22,2022-05-06,2022-09-14,V,Financials,1,0
22,2022-05-06,2022-09-14,VZ,Communication Services,3,5
22,2022-05-06,2022-09-14,WMT,Consumer Staples,4,3
22,2022-05-06,2022-09-14,XOM,Energy,5,4
23,2022-05-20,2022-09-28,AAPL,Information Technology,0,3
23,2022-05-20,2022-09-28,AMD,Information Technology,0,4
23,2022-05-20,2022-09-28,AMT,Real Estate,2,2
23,2022-05-20,2022-09-28,AMZN,Consumer Discretionary,0,3
23,2022-05-20,2022-09-28,AVGO,Information Technology,0,4
23,2022-05-20,2022-09-28,BA,Industrials,0,4
23,2022-05-20,2022-09-28,BAC,Financials,0,1
23,2022-05-20,2022-09-28,BRK.B,Financials,0,3
23,2022-05-20,2022-09-28,CAT,Industrials,5,0
23,2022-05-20,2022-09-28,COST,Consumer Staples,4,5
23,2022-05-20,2022-09-28,CRM,Information Technology,0,4
23,2022-05-20,2022-09-28,CSCO,Information Technology,0,3
23,2022-05-20,2022-09-28,CVX,Energy,5,0
23,2022-05-20,2022-09-28,DIS,Communication Services,0,1
23,2022-05-20,2022-09-28,DUK,Utilities,2,2
23,2022-05-20,2022-09-28,GE,Industrials,0,3
23,2022-05-20,2022-09-28,GOOG,Communication Services,0,3
23,2022-05-20,2022-09-28,GOOGL,Communication Services,0,3
23,2022-05-20,2022-09-28,GS,Financials,0,1
23,2022-05-20,2022-09-28,HD,Consumer Discretionary,4,5
23,2022-05-20,2022-09-28,INTC,Information Technology,0,4
23,2022-05-20,2022-09-28,JNJ,Health Care,1,2
23,2022-05-20,2022-09-28,JPM,Financials,0,1
23,2022-05-20,2022-09-28,KO,Consumer Staples,2,2
23,2022-05-20,2022-09-28,LIN,Materials,0,1
23,2022-05-20,2022-09-28,LLY,Health Care,1,2
23,2022-05-20,2022-09-28,MA,Financials,0,3
23,2022-05-20,2022-09-28,MCD,Consumer Discretionary,2,2
23,2022-05-20,2022-09-28,META,Communication Services,0,4
23,2022-05-20,2022-09-28,MS,Financials,0,1
23,2022-05-20,2022-09-28,MSFT,Information Technology,0,3
23,2022-05-20,2022-09-28,NEE,Utilities,2,2
23,2022-05-20,2022-09-28,NFLX,Communication Services,0,4
23,2022-05-20,2022-09-28,NKE,Consumer Discretionary,0,4
23,2022-05-20,2022-09-28,NVDA,Information Technology,0,4
23,2022-05-20,2022-09-28,ORCL,Information Technology,0,3
23,2022-05-20,2022-09-28,PEP,Consumer Staples,2,2
23,2022-05-20,2022-09-28,PFE,Health Care,1,2
23,2022-05-20,2022-09-28,PG,Consumer Staples,2,2
23,2022-05-20,2022-09-28,T,Communication Services,3,2
23,2022-05-20,2022-09-28,TSLA,Consumer Discretionary,0,4
23,2022-05-20,2022-09-28,UNH,Health Care,1,2
23,2022-05-20,2022-09-28,V,Financials,0,3
23,2022-05-20,2022-09-28,VZ,Communication Services,3,2
23,2022-05-20,2022-09-28,WMT,Consumer Staples,4,5
23,2022-05-20,2022-09-28,XOM,Energy,5,0
24,2022-06-06,2022-10-12,AAPL,Information Technology,0,0
24,2022-06-06,2022-10-12,AMD,Information Technology,0,0
24,2022-06-06,2022-10-12,AMT,Real Estate,3,2
24,2022-06-06,2022-10-12,AMZN,Consumer Discretionary,0,0
24,2022-06-06,2022-10-12,AVGO,Information Technology,0,0
24,2022-06-06,2022-10-12,BA,Industrials,0,1
24,2022-06-06,2022-10-12,BAC,Financials,0,1
24,2022-06-06,2022-10-12,BRK.B,Financials,0,1
24,2022-06-06,2022-10-12,CAT,Industrials,5,4
24,2022-06-06,2022-10-12,COST,Consumer Staples,4,5
24,2022-06-06,2022-10-12,CRM,Information Technology,0,0
24,2022-06-06,2022-10-12,CSCO,Information Technology,0,0
24,2022-06-06,2022-10-12,CVX,Energy,5,4
24,2022-06-06,2022-10-12,DIS,Communication Services,0,1
24,2022-06-06,2022-10-12,DUK,Utilities,3,2
24,2022-06-06,2022-10-12,GE,Industrials,0,1
24,2022-06-06,2022-10-12,GOOG,Communication Services,0,0
24,2022-06-06,2022-10-12,GOOGL,Communication Services,0,0
24,2022-06-06,2022-10-12,GS,Financials,0,1
24,2022-06-06,2022-10-12,HD,Consumer Discretionary,0,5
24,2022-06-06,2022-10-12,INTC,Information Technology,0,0
24,2022-06-06,2022-10-12,JNJ,Health Care,2,3
24,2022-06-06,2022-10-12,JPM,Financials,0,1
24,2022-06-06,2022-10-12,KO,Consumer Staples,3,2
24,2022-06-06,2022-10-12,LIN,Materials,0,1
24,2022-06-06,2022-10-12,LLY,Health Care,2,3
24,2022-06-06,2022-10-12,MA,Financials,0,1
24,2022-06-06,2022-10-12,MCD,Consumer Discretionary,3,2
24,2022-06-06,2022-10-12,META,Communication Services,0,0
24,2022-06-06,2022-10-12,MS,Financials,0,1
24,2022-06-06,2022-10-12,MSFT,Information Technology,0,0
24,2022-06-06,2022-10-12,NEE,Utilities,3,2
24,2022-06-06,2022-10-12,NFLX,Communication Services,0,0
24,2022-06-06,2022-10-12,NKE,Consumer Discretionary,0,0
24,2022-06-06,2022-10-12,NVDA,Information Technology,0,0
24,2022-06-06,2022-10-12,ORCL,Information Technology,0,1
24,2022-06-06,2022-10-12,PEP,Consumer Staples,3,2
24,2022-06-06,2022-10-12,PFE,Health Care,2,3
24,2022-06-06,2022-10-12,PG,Consumer Staples,3,3
24,2022-06-06,2022-10-12,T,Communication Services,1,3
24,2022-06-06,2022-10-12,TSLA,Consumer Discretionary,0,0
24,2022-06-06,2022-10-12,UNH,Health Care,1,3
24,2022-06-06,2022-10-12,V,Financials,0,1
24,2022-06-06,2022-10-12,VZ,Communication Services,1,3
24,2022-06-06,2022-10-12,WMT,Consumer Staples,4,5
24,2022-06-06,2022-10-12,XOM,Energy,5,4
25,2022-06-21,2022-10-26,AAPL,Information Technology,0,2
25,2022-06-21,2022-10-26,AMD,Information Technology,0,5
25,2022-06-21,2022-10-26,AMT,Real Estate,5,4
25,2022-06-21,2022-10-26,AMZN,Consumer Discretionary,0,2
25,2022-06-21,2022-10-26,AVGO,Information Technology,0,5
25,2022-06-21,2022-10-26,BA,Industrials,0,5
25,2022-06-21,2022-10-26,BAC,Financials,0,1
25,2022-06-21,2022-10-26,BRK.B,Financials,0,1
25,2022-06-21,2022-10-26,CAT,Industrials,3,0
25,2022-06-21,2022-10-26,COST,Consumer Staples,4,2
25,2022-06-21,2022-10-26,CRM,Information Technology,0,2
25,2022-06-21,2022-10-26,CSCO,Information Technology,0,5
25,2022-06-21,2022-10-26,CVX,Energy,3,0
25,2022-06-21,2022-10-26,DIS,Communication Services,0,2
25,2022-06-21,2022-10-26,DUK,Utilities,5,4
25,2022-06-21,2022-10-26,GE,Industrials,0,1
25,2022-06-21,2022-10-26,GOOG,Communication Services,0,2
25,2022-06-21,2022-10-26,GOOGL,Communication Services,0,2
25,2022-06-21,2022-10-26,GS,Financials,0,1
25,2022-06-21,2022-10-26,HD,Consumer Discretionary,0,2
25,2022-06-21,2022-10-26,INTC,Information Technology,0,5
25,2022-06-21,2022-10-26,JNJ,Health Care,2,4
25,2022-06-21,2022-10-26,JPM,Financials,0,1
25,2022-06-21,2022-10-26,KO,Consumer Staples,5,4
25,2022-06-21,2022-10-26,LIN,Materials,0,1
25,2022-06-21,2022-10-26,LLY,Health Care,2,4
25,2022-06-21,2022-10-26,MA,Financials,0,1
25,2022-06-21,2022-10-26,MCD,Consumer Discretionary,5,4
25,2022-06-21,2022-10-26,META,Communication Services,0,2
25,2022-06-21,2022-10-26,MS,Financials,0,1
25,2022-06-21,2022-10-26,MSFT,Information Technology,0,2
25,2022-06-21,2022-10-26,NEE,Utilities,5,4
25,2022-06-21,2022-10-26,NFLX,Communication Services,0,2
25,2022-06-21,2022-10-26,NKE,Consumer Discretionary,0,2
25,2022-06-21,2022-10-26,NVDA,Information Technology,0,5
25,2022-06-21,2022-10-26,ORCL,Information Technology,0,1
25,2022-06-21,2022-10-26,PEP,Consumer Staples,5,4
25,2022-06-21,2022-10-26,PFE,Health Care,2,4
25,2022-06-21,2022-10-26,PG,Consumer Staples,5,4
25,2022-06-21,2022-10-26,T,Communication Services,1,3
25,2022-06-21,2022-10-26,TSLA,Consumer Discretionary,0,2
25,2022-06-21,2022-10-26,UNH,Health Care,2,4
25,2022-06-21,2022-10-26,V,Financials,0,1
25,2022-06-21,2022-10-26,VZ,Communication Services,1,3
25,2022-06-21,2022-10-26,WMT,Consumer Staples,4,2
25,2022-06-21,2022-10-26,XOM,Energy,3,0
26,2022-07-06,2022-11-09,AAPL,Information Technology,0,3
26,2022-07-06,2022-11-09,AMD,Information Technology,0,3
26,2022-07-06,2022-11-09,AMT,Real Estate,2,1
26,2022-07-06,2022-11-09,AMZN,Consumer Discretionary,0,3
26,2022-07-06,2022-11-09,AVGO,Information Technology,0,3
26,2022-07-06,2022-11-09,BA,Industrials,4,2
26,2022-07-06,2022-11-09,BAC,Financials,0,2
26,2022-07-06,2022-11-09,BRK.B,Financials,0,5
26,2022-07-06,2022-11-09,CAT,Industrials,0,2
26,2022-07-06,2022-11-09,COST,Consumer Staples,0,3
26,2022-07-06,2022-11-09,CRM,Information Technology,0,3
26,2022-07-06,2022-11-09,CSCO,Information Technology,0,5
26,2022-07-06,2022-11-09,CVX,Energy,3,2
26,2022-07-06,2022-11-09,DIS,Communication Services,0,2
26,2022-07-06,2022-11-09,DUK,Utilities,2,1
26,2022-07-06,2022-11-09,GE,Industrials,0,5
26,2022-07-06,2022-11-09,GOOG,Communication Services,0,3
26,2022-07-06,2022-11-09,GOOGL,Communication Services,0,3
26,2022-07-06,2022-11-09,GS,Financials,0,2
26,2022-07-06,2022-11-09,HD,Consumer Discretionary,0,5
26,2022-07-06,2022-11-09,INTC,Information Technology,0,3
26,2022-07-06,2022-11-09,JNJ,Health Care,1,4
26,2022-07-06,2022-11-09,JPM,Financials,0,2
26,2022-07-06,2022-11-09,KO,Consumer Staples,2,5
26,2022-07-06,2022-11-09,LIN,Materials,0,5
26,2022-07-06,2022-11-09,LLY,Health Care,1,4
26,2022-07-06,2022-11-09,MA,Financials,0,5
26,2022-07-06,2022-11-09,MCD,Consumer Discretionary,2,5
26,2022-07-06,2022-11-09,META,Communication Services,0,3
26,2022-07-06,2022-11-09,MS,Financials,0,2
26,2022-07-06,2022-11-09,MSFT,Information Technology,0,3
26,2022-07-06,2022-11-09,NEE,Utilities,2,1
26,2022-07-06,2022-11-09,NFLX,Communication Services,0,2
26,2022-07-06,2022-11-09,NKE,Consumer Discretionary,0,2
26,2022-07-06,2022-11-09,NVDA,Information Technology,0,3
26,2022-07-06,2022-11-09,ORCL,Information Technology,0,5
26,2022-07-06,2022-11-09,PEP,Consumer Staples,2,5
26,2022-07-06,2022-11-09,PFE,Health Care,1,4
26,2022-07-06,2022-11-09,PG,Consumer Staples,2,5
26,2022-07-06,2022-11-09,T,Communication Services,5,0
26,2022-07-06,2022-11-09,TSLA,Consumer Discretionary,0,2
26,2022-07-06,2022-11-09,UNH,Health Care,1,4
26,2022-07-06,2022-11-09,V,Financials,0,5
26,2022-07-06,2022-11-09,VZ,Communication Services,5,0
26,2022-07-06,2022-11-09,WMT,Consumer Staples,0,2
26,2022-07-06,2022-11-09,XOM,Energy,3,2
27,2022-07-20,2022-11-23,AAPL,Information Technology,0,0
27,2022-07-20,2022-11-23,AMD,Information Technology,0,0
27,2022-07-20,2022-11-23,AMT,Real Estate,4,5
27,2022-07-20,2022-11-23,AMZN,Consumer Discretionary,0,0
27,2022-07-20,2022-11-23,AVGO,Information Technology,0,5
27,2022-07-20,2022-11-23,BA,Industrials,0,2
27,2022-07-20,2022-11-23,BAC,Financials,0,2
27,2022-07-20,2022-11-23,BRK.B,Financials,0,5
27,2022-07-20,2022-11-23,CAT,Industrials,3,2
27,2022-07-20,2022-11-23,COST,Consumer Staples,0,0
27,2022-07-20,2022-11-23,CRM,Information Technology,0,0
27,2022-07-20,2022-11-23,CSCO,Information Technology,0,5
27,2022-07-20,2022-11-23,CVX,Energy,3,4
27,2022-07-20,2022-11-23,DIS,Communication Services,0,2
27,2022-07-20,2022-11-23,DUK,Utilities,4,3
27,2022-07-20,2022-11-23,GE,Industrials,0,2
27,2022-07-20,2022-11-23,GOOG,Communication Services,0,0
27,2022-07-20,2022-11-23,GOOGL,Communication Services,0,0
27,2022-07-20,2022-11-23,GS,Financials,0,2
27,2022-07-20,2022-11-23,HD,Consumer Discretionary,0,5
27,2022-07-20,2022-11-23,INTC,Information Technology,0,0
27,2022-07-20,2022-11-23,JNJ,Health Care,1,1
27,2022-07-20,2022-11-23,JPM,Financials,0,2
27,2022-07-20,2022-11-23,KO,Consumer Staples,4,3
27,2022-07-20,2022-11-23,LIN,Materials,0,5
27,2022-07-20,2022-11-23,LLY,Health Care,1,1
27,2022-07-20,2022-11-23,MA,Financials,0,5
27,2022-07-20,2022-11-23,MCD,Consumer Discretionary,4,3
27,2022-07-20,2022-11-23,META,Communication Services,0,0
27,2022-07-20,2022-11-23,MS,Financials,0,2
27,2022-07-20,2022-11-23,MSFT,Information Technology,0,0
27,2022-07-20,2022-11-23,NEE,Utilities,4,5
27,2022-07-20,2022-11-23,NFLX,Communication Services,0,0
27,2022-07-20,2022-11-23,NKE,Consumer Discretionary,0,5
27,2022-07-20,2022-11-23,NVDA,Information Technology,0,0
27,2022-07-20,2022-11-23,ORCL,Information Technology,0,5
27,2022-07-20,2022-11-23,PEP,Consumer Staples,4,3
27,2022-07-20,2022-11-23,PFE,Health Care,1,1
27,2022-07-20,2022-11-23,PG,Consumer Staples,4,3
27,2022-07-20,2022-11-23,T,Communication Services,2,2
27,2022-07-20,2022-11-23,TSLA,Consumer Discretionary,5,0
27,2022-07-20,2022-11-23,UNH,Health Care,1,1
27,2022-07-20,2022-11-23,V,Financials,0,5
27,2022-07-20,2022-11-23,VZ,Communication Services,2,2
27,2022-07-20,2022-11-23,WMT,Consumer Staples,0,0
27,2022-07-20,2022-11-23,XOM,Energy,3,4
28,2022-08-03,2022-12-08,AAPL,Information Technology,0,0
28,2022-08-03,2022-12-08,AMD,Information Technology,0,0
28,2022-08-03,2022-12-08,AMT,Real Estate,0,5
28,2022-08-03,2022-12-08,AMZN,Consumer Discretionary,0,0
28,2022-08-03,2022-12-08,AVGO,Information Technology,0,0
28,2022-08-03,2022-12-08,BA,Industrials,0,3
28,2022-08-03,2022-12-08,BAC,Financials,0,2
28,2022-08-03,2022-12-08,BRK.B,Financials,0,2
28,2022-08-03,2022-12-08,CAT,Industrials,0,3
28,2022-08-03,2022-12-08,COST,Consumer Staples,0,0
28,2022-08-03,2022-12-08,CRM,Information Technology,0,0
28,2022-08-03,2022-12-08,CSCO,Information Technology,0,0
28,2022-08-03,2022-12-08,CVX,Energy,5,4
28,2022-08-03,2022-12-08,DIS,Communication Services,0,2
28,2022-08-03,2022-12-08,DUK,Utilities,0,5
28,2022-08-03,2022-12-08,GE,Industrials,0,3
28,2022-08-03,2022-12-08,GOOG,Communication Services,0,0
28,2022-08-03,2022-12-08,GOOGL,Communication Services,0,0
28,2022-08-03,2022-12-08,GS,Financials,0,2
28,2022-08-03,2022-12-08,HD,Consumer Discretionary,0,0
28,2022-08-03,2022-12-08,INTC,Information Technology,0,0
28,2022-08-03,2022-12-08,JNJ,Health Care,1,1
28,2022-08-03,2022-12-08,JPM,Financials,0,2
28,2022-08-03,2022-12-08,KO,Consumer Staples,0,5
28,2022-08-03,2022-12-08,LIN,Materials,0,3
28,2022-08-03,2022-12-08,LLY,Health Care,1,1
28,2022-08-03,2022-12-08,MA,Financials,0,0
28,2022-08-03,2022-12-08,MCD,Consumer Discretionary,0,5
28,2022-08-03,2022-12-08,META,Communication Services,0,0
28,2022-08-03,2022-12-08,MS,Financials,0,2
28,2022-08-03,2022-12-08,MSFT,Information Technology,0,0
28,2022-08-03,2022-12-08,NEE,Utilities,0,5
28,2022-08-03,2022-12-08,NFLX,Communication Services,0,0
28,2022-08-03,2022-12-08,NKE,Consumer Discretionary,0,0
28,2022-08-03,2022-12-08,NVDA,Information Technology,0,0
28,2022-08-03,2022-12-08,ORCL,Information Technology,2,3
28,2022-08-03,2022-12-08,PEP,Consumer Staples,0,1
28,2022-08-03,2022-12-08,PFE,Health Care,1,1
28,2022-08-03,2022-12-08,PG,Consumer Staples,0,5
28,2022-08-03,2022-12-08,T,Communication Services,2,3
28,2022-08-03,2022-12-08,TSLA,Consumer Discretionary,4,0
28,2022-08-03,2022-12-08,UNH,Health Care,1,1
28,2022-08-03,2022-12-08,V,Financials,0,0
28,2022-08-03,2022-12-08,VZ,Communication Services,2,2
28,2022-08-03,2022-12-08,WMT,Consumer Staples,3,3
28,2022-08-03,2022-12-08,XOM,Energy,5,4
29,2022-08-17,2022-12-22,AAPL,Information Technology,2,0
29,2022-08-17,2022-12-22,AMD,Information Technology,2,0
29,2022-08-17,2022-12-22,AMT,Real Estate,2,5
29,2022-08-17,2022-12-22,AMZN,Consumer Discretionary,2,0
29,2022-08-17,2022-12-22,AVGO,Information Technology,2,0
29,2022-08-17,2022-12-22,BA,Industrials,1,3
29,2022-08-17,2022-12-22,BAC,Financials,2,2
29,2022-08-17,2022-12-22,BRK.B,Financials,2,2
29,2022-08-17,2022-12-22,CAT,Industrials,1,3
29,2022-08-17,2022-12-22,COST,Consumer Staples,2,0
29,2022-08-17,2022-12-22,CRM,Information Technology,2,0
29,2022-08-17,2022-12-22,CSCO,Information Technology,2,0
29,2022-08-17,2022-12-22,CVX,Energy,1,4
29,2022-08-17,2022-12-22,DIS,Communication Services,2,2
29,2022-08-17,2022-12-22,DUK,Utilities,2,5
29,2022-08-17,2022-12-22,GE,Industrials,2,3
29,2022-08-17,2022-12-22,GOOG,Communication Services,2,0
29,2022-08-17,2022-12-22,GOOGL,Communication Services,2,0
29,2022-08-17,2022-12-22,GS,Financials,2,2
29,2022-08-17,2022-12-22,HD,Consumer Discretionary,2,0
29,2022-08-17,2022-12-22,INTC,Information Technology,2,0
29,2022-08-17,2022-12-22,JNJ,Health Care,0,1
29,2022-08-17,2022-12-22,JPM,Financials,2,2
29,2022-08-17,2022-12-22,KO,Consumer Staples,2,5
29,2022-08-17,2022-12-22,LIN,Materials,2,3
29,2022-08-17,2022-12-22,LLY,Health Care,0,1
29,2022-08-17,2022-12-22,MA,Financials,2,0
29,2022-08-17,2022-12-22,MCD,Consumer Discretionary,2,5
29,2022-08-17,2022-12-22,META,Communication Services,5,0
29,2022-08-17,2022-12-22,MS,Financials,2,2
29,2022-08-17,2022-12-22,MSFT,Information Technology,2,0
29,2022-08-17,2022-12-22,NEE,Utilities,2,5
29,2022-08-17,2022-12-22,NFLX,Communication Services,5,0
29,2022-08-17,2022-12-22,NKE,Consumer Discretionary,2,0
29,2022-08-17,2022-12-22,NVDA,Information Technology,2,0
29,2022-08-17,2022-12-22,ORCL,Information Technology,2,3
29,2022-08-17,2022-12-22,PEP,Consumer Staples,2,1
29,2022-08-17,2022-12-22,PFE,Health Care,0,1
29,2022-08-17,2022-12-22,PG,Consumer Staples,2,5
29,2022-08-17,2022-12-22,T,Communication Services,2,3
29,2022-08-17,2022-12-22,TSLA,Consumer Discretionary,3,0
29,2022-08-17,2022-12-22,UNH,Health Care,0,1
29,2022-08-17,2022-12-22,V,Financials,2,0
29,2022-08-17,2022-12-22,VZ,Communication Services,4,5
29,2022-08-17,2022-12-22,WMT,Consumer Staples,2,3
29,2022-08-17,2022-12-22,XOM,Energy,1,4
30,2022-08-31,2023-01-09,AAPL,Information Technology,1,2
30,2022-08-31,2023-01-09,AMD,Information Technology,1,2
30,2022-08-31,2023-01-09,AMT,Real Estate,1,3
30,2022-08-31,2023-01-09,AMZN,Consumer Discretionary,1,1
30,2022-08-31,2023-01-09,AVGO,Information Technology,1,2
30,2022-08-31,2023-01-09,BA,Industrials,0,2
30,2022-08-31,2023-01-09,BAC,Financials,1,4
30,2022-08-31,2023-01-09,BRK.B,Financials,1,4
30,2022-08-31,2023-01-09,CAT,Industrials,0,4
30,2022-08-31,2023-01-09,COST,Consumer Staples,1,3
30,2022-08-31,2023-01-09,CRM,Information Technology,1,1
30,2022-08-31,2023-01-09,CSCO,Information Technology,1,3
30,2022-08-31,2023-01-09,CVX,Energy,0,4
30,2022-08-31,2023-01-09,DIS,Communication Services,1,1
30,2022-08-31,2023-01-09,DUK,Utilities,1,3
30,2022-08-31,2023-01-09,GE,Industrials,0,4
30,2022-08-31,2023-01-09,GOOG,Communication Services,1,1
30,2022-08-31,2023-01-09,GOOGL,Communication Services,1,1
30,2022-08-31,2023-01-09,GS,Financials,1,4
30,2022-08-31,2023-01-09,HD,Consumer Discretionary,1,3
30,2022-08-31,2023-01-09,INTC,Information Technology,1,2
30,2022-08-31,2023-01-09,JNJ,Health Care,4,5
30,2022-08-31,2023-01-09,JPM,Financials,1,4
30,2022-08-31,2023-01-09,KO,Consumer Staples,1,3
30,2022-08-31,2023-01-09,LIN,Materials,1,2
30,2022-08-31,2023-01-09,LLY,Health Care,4,5
30,2022-08-31,2023-01-09,MA,Financials,1,3
30,2022-08-31,2023-01-09,MCD,Consumer Discretionary,1,3
30,2022-08-31,2023-01-09,META,Communication Services,1,1
30,2022-08-31,2023-01-09,MS,Financials,1,4
30,2022-08-31,2023-01-09,MSFT,Information Technology,1,1
30,2022-08-31,2023-01-09,NEE,Utilities,1,3
30,2022-08-31,2023-01-09,NFLX,Communication Services,2,1
30,2022-08-31,2023-01-09,NKE,Consumer Discretionary,1,2
30,2022-08-31,2023-01-09,NVDA,Information Technology,1,2
30,2022-08-31,2023-01-09,ORCL,Information Technology,1,4
30,2022-08-31,2023-01-09,PEP,Consumer Staples,1,3
30,2022-08-31,2023-01-09,PFE,Health Care,4,3
30,2022-08-31,2023-01-09,PG,Consumer Staples,1,3
30,2022-08-31,2023-01-09,T,Communication Services,3,0
30,2022-08-31,2023-01-09,TSLA,Consumer Discretionary,2,2
30,2022-08-31,2023-01-09,UNH,Health Care,5,5
30,2022-08-31,2023-01-09,V,Financials,1,3
30,2022-08-31,2023-01-09,VZ,Communication Services,3,0
30,2022-08-31,2023-01-09,WMT,Consumer Staples,1,3
30,2022-08-31,2023-01-09,XOM,Energy,0,2
31,2022-09-15,2023-01-24,AAPL,Information Technology,0,2
31,2022-09-15,2023-01-24,AMD,Information Technology,0,2
31,2022-09-15,2023-01-24,AMT,Real Estate,0,1
31,2022-09-15,2023-01-24,AMZN,Consumer Discretionary,0,2
31,2022-09-15,2023-01-24,AVGO,Information Technology,0,2
31,2022-09-15,2023-01-24,BA,Industrials,0,4
31,2022-09-15,2023-01-24,BAC,Financials,0,4
31,2022-09-15,2023-01-24,BRK.B,Financials,0,4
31,2022-09-15,2023-01-24,CAT,Industrials,0,4
31,2022-09-15,2023-01-24,COST,Consumer Staples,0,3
31,2022-09-15,2023-01-24,CRM,Information Technology,0,2
31,2022-09-15,2023-01-24,CSCO,Information Technology,0,3
31,2022-09-15,2023-01-24,CVX,Energy,0,4
31,2022-09-15,2023-01-24,DIS,Communication Services,0,2
31,2022-09-15,2023-01-24,DUK,Utilities,0,1
31,2022-09-15,2023-01-24,GE,Industrials,0,4
31,2022-09-15,2023-01-24,GOOG,Communication Services,0,2
31,2022-09-15,2023-01-24,GOOGL,Communication Services,0,2
31,2022-09-15,2023-01-24,GS,Financials,0,4
31,2022-09-15,2023-01-24,HD,Consumer Discretionary,0,1
31,2022-09-15,2023-01-24,INTC,Information Technology,0,2
31,2022-09-15,2023-01-24,JNJ,Health Care,1,5
31,2022-09-15,2023-01-24,JPM,Financials,0,4
31,2022-09-15,2023-01-24,KO,Consumer Staples,0,3
31,2022-09-15,2023-01-24,LIN,Materials,0,1
31,2022-09-15,2023-01-24,LLY,Health Care,1,5
31,2022-09-15,2023-01-24,MA,Financials,0,3
31,2022-09-15,2023-01-24,MCD,Consumer Discretionary,0,3
31,2022-09-15,2023-01-24,META,Communication Services,4,2
31,2022-09-15,2023-01-24,MS,Financials,0,2
31,2022-09-15,2023-01-24,MSFT,Information Technology,0,2
31,2022-09-15,2023-01-24,NEE,Utilities,0,1
31,2022-09-15,2023-01-24,NFLX,Communication Services,2,2
31,2022-09-15,2023-01-24,NKE,Consumer Discretionary,0,2
31,2022-09-15,2023-01-24,NVDA,Information Technology,0,2
31,2022-09-15,2023-01-24,ORCL,Information Technology,0,4
31,2022-09-15,2023-01-24,PEP,Consumer Staples,0,3
31,2022-09-15,2023-01-24,PFE,Health Care,1,3
31,2022-09-15,2023-01-24,PG,Consumer Staples,0,3
31,2022-09-15,2023-01-24,T,Communication Services,3,0
31,2022-09-15,2023-01-24,TSLA,Consumer Discretionary,2,2
31,2022-09-15,2023-01-24,UNH,Health Care,5,5
31,2022-09-15,2023-01-24,V,Financials,0,3
31,2022-09-15,2023-01-24,VZ,Communication Services,3,0
31,2022-09-15,2023-01-24,WMT,Consumer Staples,0,3
31,2022-09-15,2023-01-24,XOM,Energy,0,4
32,2022-09-29,2023-02-07,AAPL,Information Technology,1,5
32,2022-09-29,2023-02-07,AMD,Information Technology,1,4
32,2022-09-29,2023-02-07,AMT,Real Estate,1,5
32,2022-09-29,2023-02-07,AMZN,Consumer Discretionary,1,2
32,2022-09-29,2023-02-07,AVGO,Information Technology,1,5
32,2022-09-29,2023-02-07,BA,Industrials,4,5
32,2022-09-29,2023-02-07,BAC,Financials,1,1
32,2022-09-29,2023-02-07,BRK.B,Financials,1,5
32,2022-09-29,2023-02-07,CAT,Industrials,2,5
32,2022-09-29,2023-02-07,COST,Consumer Staples,1,5
32,2022-09-29,2023-02-07,CRM,Information Technology,1,4
32,2022-09-29,2023-02-07,CSCO,Information Technology,1,5
32,2022-09-29,2023-02-07,CVX,Energy,2,0
32,2022-09-29,2023-02-07,DIS,Communication Services,1,4
32,2022-09-29,2023-02-07,DUK,Utilities,1,3
32,2022-09-29,2023-02-07,GE,Industrials,1,1
32,2022-09-29,2023-02-07,GOOG,Communication Services,1,2
32,2022-09-29,2023-02-07,GOOGL,Communication Services,1,2
32,2022-09-29,2023-02-07,GS,Financials,1,1
32,2022-09-29,2023-02-07,HD,Consumer Discretionary,1,5
32,2022-09-29,2023-02-07,INTC,Information Technology,1,5
32,2022-09-29,2023-02-07,JNJ,Health Care,0,3
32,2022-09-29,2023-02-07,JPM,Financials,1,1
32,2022-09-29,2023-02-07,KO,Consumer Staples,1,3
32,2022-09-29,2023-02-07,LIN,Materials,1,5
32,2022-09-29,2023-02-07,LLY,Health Care,0,3
32,2022-09-29,2023-02-07,MA,Financials,1,5
32,2022-09-29,2023-02-07,MCD,Consumer Discretionary,2,3
32,2022-09-29,2023-02-07,META,Communication Services,1,2
32,2022-09-29,2023-02-07,MS,Financials,1,5
32,2022-09-29,2023-02-07,MSFT,Information Technology,1,2
32,2022-09-29,2023-02-07,NEE,Utilities,1,5
32,2022-09-29,2023-02-07,NFLX,Communication Services,1,4
32,2022-09-29,2023-02-07,NKE,Consumer Discretionary,1,5
32,2022-09-29,2023-02-07,NVDA,Information Technology,1,4
32,2022-09-29,2023-02-07,ORCL,Information Technology,1,1
32,2022-09-29,2023-02-07,PEP,Consumer Staples,1,3
32,2022-09-29,2023-02-07,PFE,Health Care,0,3
32,2022-09-29,2023-02-07,PG,Consumer Staples,1,3
32,2022-09-29,2023-02-07,T,Communication Services,5,5
32,2022-09-29,2023-02-07,TSLA,Consumer Discretionary,3,4
32,2022-09-29,2023-02-07,UNH,Health Care,0,3
32,2022-09-29,2023-02-07,V,Financials,1,5
32,2022-09-29,2023-02-07,VZ,Communication Services,5,3
32,2022-09-29,2023-02-07,WMT,Consumer Staples,1,5
32,2022-09-29,2023-02-07,XOM,Energy,2,0
33,2022-10-13,2023-02-22,AAPL,Information Technology,2,3
33,2022-10-13,2023-02-22,AMD,Information Technology,2,4
33,2022-10-13,2023-02-22,AMT,Real Estate,2,5
33,2022-10-13,2023-02-22,AMZN,Consumer Discretionary,2,4
33,2022-10-13,2023-02-22,AVGO,Information Technology,2,3
33,2022-10-13,2023-02-22,BA,Industrials,4,5
33,2022-10-13,2023-02-22,BAC,Financials,2,1
33,2022-10-13,2023-02-22,BRK.B,Financials,2,5
33,2022-10-13,2023-02-22,CAT,Industrials,5,5
33,2022-10-13,2023-02-22,COST,Consumer Staples,2,5
33,2022-10-13,2023-02-22,CRM,Information Technology,2,4
33,2022-10-13,2023-02-22,CSCO,Information Technology,2,3
33,2022-10-13,2023-02-22,CVX,Energy,5,0
33,2022-10-13,2023-02-22,DIS,Communication Services,2,4
33,2022-10-13,2023-02-22,DUK,Utilities,2,5
33,2022-10-13,2023-02-22,GE,Industrials,2,5
33,2022-10-13,2023-02-22,GOOG,Communication Services,2,3
33,2022-10-13,2023-02-22,GOOGL,Communication Services,2,3
33,2022-10-13,2023-02-22,GS,Financials,2,1
33,2022-10-13,2023-02-22,HD,Consumer Discretionary,2,5
33,2022-10-13,2023-02-22,INTC,Information Technology,2,3
33,2022-10-13,2023-02-22,JNJ,Health Care,0,2
33,2022-10-13,2023-02-22,JPM,Financials,2,1
33,2022-10-13,2023-02-22,KO,Consumer Staples,2,2
33,2022-10-13,2023-02-22,LIN,Materials,2,5
33,2022-10-13,2023-02-22,LLY,Health Care,0,2
33,2022-10-13,2023-02-22,MA,Financials,2,5
33,2022-10-13,2023-02-22,MCD,Consumer Discretionary,5,2
33,2022-10-13,2023-02-22,META,Communication Services,2,3
33,2022-10-13,2023-02-22,MS,Financials,2,5
33,2022-10-13,2023-02-22,MSFT,Information Technology,2,3
33,2022-10-13,2023-02-22,NEE,Utilities,2,5
33,2022-10-13,2023-02-22,NFLX,Communication Services,2,4
33,2022-10-13,2023-02-22,NKE,Consumer Discretionary,2,5
33,2022-10-13,2023-02-22,NVDA,Information Technology,2,4
33,2022-10-13,2023-02-22,ORCL,Information Technology,2,1
33,2022-10-13,2023-02-22,PEP,Consumer Staples,2,2
33,2022-10-13,2023-02-22,PFE,Health Care,0,2
33,2022-10-13,2023-02-22,PG,Consumer Staples,2,2
33,2022-10-13,2023-02-22,T,Communication Services,1,1
33,2022-10-13,2023-02-22,TSLA,Consumer Discretionary,3,4
33,2022-10-13,2023-02-22,UNH,Health Care,0,2
33,2022-10-13,2023-02-22,V,Financials,2,5
33,2022-10-13,2023-02-22,VZ,Communication Services,1,1
33,2022-10-13,2023-02-22,WMT,Consumer Staples,2,2
33,2022-10-13,2023-02-22,XOM,Energy,5,0
34,2022-10-27,2023-03-08,AAPL,Information Technology,2,3
34,2022-10-27,2023-03-08,AMD,Information Technology,2,4
34,2022-10-27,2023-03-08,AMT,Real Estate,2,5
34,2022-10-27,2023-03-08,AMZN,Consumer Discretionary,2,4
34,2022-10-27,2023-03-08,AVGO,Information Technology,2,3
34,2022-10-27,2023-03-08,BA,Industrials,1,5
34,2022-10-27,2023-03-08,BAC,Financials,2,1
34,2022-10-27,2023-03-08,BRK.B,Financials,2,5
34,2022-10-27,2023-03-08,CAT,Industrials,1,5
34,2022-10-27,2023-03-08,COST,Consumer Staples,2,5
34,2022-10-27,2023-03-08,CRM,Information Technology,2,4
34,2022-10-27,2023-03-08,CSCO,Information Technology,2,3
34,2022-10-27,2023-03-08,CVX,Energy,1,0
34,2022-10-27,2023-03-08,DIS,Communication Services,2,4
34,2022-10-27,2023-03-08,DUK,Utilities,0,5
34,2022-10-27,2023-03-08,GE,Industrials,2,5
34,2022-10-27,2023-03-08,GOOG,Communication Services,2,3
34,2022-10-27,2023-03-08,GOOGL,Communication Services,2,3
34,2022-10-27,2023-03-08,GS,Financials,2,1
34,2022-10-27,2023-03-08,HD,Consumer Discretionary,2,5
34,2022-10-27,2023-03-08,INTC,Information Technology,2,3
34,2022-10-27,2023-03-08,JNJ,Health Care,0,2
34,2022-10-27,2023-03-08,JPM,Financials,2,1
34,2022-10-27,2023-03-08,KO,Consumer Staples,0,2
34,2022-10-27,2023-03-08,LIN,Materials,2,5
34,2022-10-27,2023-03-08,LLY,Health Care,3,2
34,2022-10-27,2023-03-08,MA,Financials,2,3
34,2022-10-27,2023-03-08,MCD,Consumer Discretionary,0,2
34,2022-10-27,2023-03-08,META,Communication Services,2,3
34,2022-10-27,2023-03-08,MS,Financials,2,4
34,2022-10-27,2023-03-08,MSFT,Information Technology,2,3
34,2022-10-27,2023-03-08,NEE,Utilities,0,5
34,2022-10-27,2023-03-08,NFLX,Communication Services,2,4
34,2022-10-27,2023-03-08,NKE,Consumer Discretionary,2,5
34,2022-10-27,2023-03-08,NVDA,Information Technology,2,4
34,2022-10-27,2023-03-08,ORCL,Information Technology,2,5
34,2022-10-27,2023-03-08,PEP,Consumer Staples,0,2
34,2022-10-27,2023-03-08,PFE,Health Care,0,5
34,2022-10-27,2023-03-08,PG,Consumer Staples,0,2
34,2022-10-27,2023-03-08,T,Communication Services,4,5
34,2022-10-27,2023-03-08,TSLA,Consumer Discretionary,5,4
34,2022-10-27,2023-03-08,UNH,Health Care,3,2
34,2022-10-27,2023-03-08,V,Financials,2,3
34,2022-10-27,2023-03-08,VZ,Communication Services,4,1
34,2022-10-27,2023-03-08,WMT,Consumer Staples,0,2
34,2022-10-27,2023-03-08,XOM,Energy,1,0
35,2022-11-10,2023-03-22,AAPL,Information Technology,0,4
35,2022-11-10,2023-03-22,AMD,Information Technology,0,4
35,2022-11-10,2023-03-22,AMT,Real Estate,0,2
35,2022-11-10,2023-03-22,AMZN,Consumer Discretionary,0,1
35,2022-11-10,2023-03-22,AVGO,Information Technology,0,4
35,2022-11-10,2023-03-22,BA,Industrials,0,3
35,2022-11-10,2023-03-22,BAC,Financials,0,3
35,2022-11-10,2023-03-22,BRK.B,Financials,0,3
35,2022-11-10,2023-03-22,CAT,Industrials,0,3
35,2022-11-10,2023-03-22,COST,Consumer Staples,0,4
35,2022-11-10,2023-03-22,CRM,Information Technology,0,4
35,2022-11-10,2023-03-22,CSCO,Information Technology,0,2
35,2022-11-10,2023-03-22,CVX,Energy,4,3
35,2022-11-10,2023-03-22,DIS,Communication Services,0,1
35,2022-11-10,2023-03-22,DUK,Utilities,0,2
35,2022-11-10,2023-03-22,GE,Industrials,5,3
35,2022-11-10,2023-03-22,GOOG,Communication Services,0,1
35,2022-11-10,2023-03-22,GOOGL,Communication Services,0,1
35,2022-11-10,2023-03-22,GS,Financials,0,3
35,2022-11-10,2023-03-22,HD,Consumer Discretionary,0,2
35,2022-11-10,2023-03-22,INTC,Information Technology,0,4
35,2022-11-10,2023-03-22,JNJ,Health Care,1,5
35,2022-11-10,2023-03-22,JPM,Financials,0,3
35,2022-11-10,2023-03-22,KO,Consumer Staples,1,2
35,2022-11-10,2023-03-22,LIN,Materials,0,3
35,2022-11-10,2023-03-22,LLY,Health Care,1,5
35,2022-11-10,2023-03-22,MA,Financials,0,3
35,2022-11-10,2023-03-22,MCD,Consumer Discretionary,1,2
35,2022-11-10,2023-03-22,META,Communication Services,0,1
35,2022-11-10,2023-03-22,MS,Financials,0,3
35,2022-11-10,2023-03-22,MSFT,Information Technology,0,4
35,2022-11-10,2023-03-22,NEE,Utilities,0,2
35,2022-11-10,2023-03-22,NFLX,Communication Services,0,4
35,2022-11-10,2023-03-22,NKE,Consumer Discretionary,0,3
35,2022-11-10,2023-03-22,NVDA,Information Technology,0,4
35,2022-11-10,2023-03-22,ORCL,Information Technology,0,4
35,2022-11-10,2023-03-22,PEP,Consumer Staples,1,2
35,2022-11-10,2023-03-22,PFE,Health Care,1,2
35,2022-11-10,2023-03-22,PG,Consumer Staples,1,2
35,2022-11-10,2023-03-22,T,Communication Services,2,0
35,2022-11-10,2023-03-22,TSLA,Consumer Discretionary,0,4
35,2022-11-10,2023-03-22,UNH,Health Care,1,5
35,2022-11-10,2023-03-22,V,Financials,0,3
35,2022-11-10,2023-03-22,VZ,Communication Services,2,0
35,2022-11-10,2023-03-22,WMT,Consumer Staples,3,2
35,2022-11-10,2023-03-22,XOM,Energy,4,3
36,2022-11-25,2023-04-05,AAPL,Information Technology,2,1
36,2022-11-25,2023-04-05,AMD,Information Technology,2,1
36,2022-11-25,2023-04-05,AMT,Real Estate,0,2
36,2022-11-25,2023-04-05,AMZN,Consumer Discretionary,2,1
36,2022-11-25,2023-04-05,AVGO,Information Technology,2,1
36,2022-11-25,2023-04-05,BA,Industrials,1,4
36,2022-11-25,2023-04-05,BAC,Financials,1,3
36,2022-11-25,2023-04-05,BRK.B,Financials,1,3
36,2022-11-25,2023-04-05,CAT,Industrials,1,3
36,2022-11-25,2023-04-05,COST,Consumer Staples,2,4
36,2022-11-25,2023-04-05,CRM,Information Technology,2,4
36,2022-11-25,2023-04-05,CSCO,Information Technology,2,4
36,2022-11-25,2023-04-05,CVX,Energy,1,3
36,2022-11-25,2023-04-05,DIS,Communication Services,2,1
36,2022-11-25,2023-04-05,DUK,Utilities,0,2
36,2022-11-25,2023-04-05,GE,Industrials,3,4
36,2022-11-25,2023-04-05,GOOG,Communication Services,2,1
36,2022-11-25,2023-04-05,GOOGL,Communication Services,2,1
36,2022-11-25,2023-04-05,GS,Financials,1,3
36,2022-11-25,2023-04-05,HD,Consumer Discretionary,2,4
36,2022-11-25,2023-04-05,INTC,Information Technology,2,4
36,2022-11-25,2023-04-05,JNJ,Health Care,0,2
36,2022-11-25,2023-04-05,JPM,Financials,1,3
36,2022-11-25,2023-04-05,KO,Consumer Staples,0,5
36,2022-11-25,2023-04-05,LIN,Materials,1,3
36,2022-11-25,2023-04-05,LLY,Health Care,0,5
36,2022-11-25,2023-04-05,MA,Financials,2,4
36,2022-11-25,2023-04-05,MCD,Consumer Discretionary,0,5
36,2022-11-25,2023-04-05,META,Communication Services,2,1
36,2022-11-25,2023-04-05,MS,Financials,1,3
36,2022-11-25,2023-04-05,MSFT,Information Technology,2,1
36,2022-11-25,2023-04-05,NEE,Utilities,0,2
36,2022-11-25,2023-04-05,NFLX,Communication Services,2,1
36,2022-11-25,2023-04-05,NKE,Consumer Discretionary,2,4
36,2022-11-25,2023-04-05,NVDA,Information Technology,2,1
36,2022-11-25,2023-04-05,ORCL,Information Technology,1,3
36,2022-11-25,2023-04-05,PEP,Consumer Staples,0,5
36,2022-11-25,2023-04-05,PFE,Health Care,0,5
36,2022-11-25,2023-04-05,PG,Consumer Staples,0,5
36,2022-11-25,2023-04-05,T,Communication Services,5,0
36,2022-11-25,2023-04-05,TSLA,Consumer Discretionary,4,1
36,2022-11-25,2023-04-05,UNH,Health Care,0,5
36,2022-11-25,2023-04-05,V,Financials,2,4
36,2022-11-25,2023-04-05,VZ,Communication Services,5,0
36,2022-11-25,2023-04-05,WMT,Consumer Staples,0,5
36,2022-11-25,2023-04-05,XOM,Energy,1,3
37,2022-12-09,2023-04-20,AAPL,Information Technology,4,1
37,2022-12-09,2023-04-20,AMD,Information Technology,4,1
37,2022-12-09,2023-04-20,AMT,Real Estate,0,2
37,2022-12-09,2023-04-20,AMZN,Consumer Discretionary,4,1
37,2022-12-09,2023-04-20,AVGO,Information Technology,4,4
37,2022-12-09,2023-04-20,BA,Industrials,4,4
37,2022-12-09,2023-04-20,BAC,Financials,1,3
37,2022-12-09,2023-04-20,BRK.B,Financials,4,3
37,2022-12-09,2023-04-20,CAT,Industrials,1,3
37,2022-12-09,2023-04-20,COST,Consumer Staples,4,4
37,2022-12-09,2023-04-20,CRM,Information Technology,4,1
37,2022-12-09,2023-04-20,CSCO,Information Technology,4,4
37,2022-12-09,2023-04-20,CVX,Energy,1,3
37,2022-12-09,2023-04-20,DIS,Communication Services,4,1
37,2022-12-09,2023-04-20,DUK,Utilities,0,2
37,2022-12-09,2023-04-20,GE,Industrials,5,4
37,2022-12-09,2023-04-20,GOOG,Communication Services,4,1
37,2022-12-09,2023-04-20,GOOGL,Communication Services,4,1
37,2022-12-09,2023-04-20,GS,Financials,1,3
37,2022-12-09,2023-04-20,HD,Consumer Discretionary,4,4
37,2022-12-09,2023-04-20,INTC,Information Technology,4,4
37,2022-12-09,2023-04-20,JNJ,Health Care,0,2
37,2022-12-09,2023-04-20,JPM,Financials,1,3
37,2022-12-09,2023-04-20,KO,Consumer Staples,0,5
37,2022-12-09,2023-04-20,LIN,Materials,1,3
37,2022-12-09,2023-04-20,LLY,Health Care,0,5
37,2022-12-09,2023-04-20,MA,Financials,4,4
37,2022-12-09,2023-04-20,MCD,Consumer Discretionary,0,5
37,2022-12-09,2023-04-20,META,Communication Services,4,1
37,2022-12-09,2023-04-20,MS,Financials,1,3
37,2022-12-09,2023-04-20,MSFT,Information Technology,4,1
37,2022-12-09,2023-04-20,NEE,Utilities,0,2
37,2022-12-09,2023-04-20,NFLX,Communication Services,4,1
37,2022-12-09,2023-04-20,NKE,Consumer Discretionary,4,4
37,2022-12-09,2023-04-20,NVDA,Information Technology,4,1
37,2022-12-09,2023-04-20,ORCL,Information Technology,4,3
37,2022-12-09,2023-04-20,PEP,Consumer Staples,0,5
37,2022-12-09,2023-04-20,PFE,Health Care,0,2
37,2022-12-09,2023-04-20,PG,Consumer Staples,0,5
37,2022-12-09,2023-04-20,T,Communication Services,2,0
37,2022-12-09,2023-04-20,TSLA,Consumer Discretionary,3,1
37,2022-12-09,2023-04-20,UNH,Health Care,0,5
37,2022-12-09,2023-04-20,V,Financials,4,4
37,2022-12-09,2023-04-20,VZ,Communication Services,2,0
37,2022-12-09,2023-04-20,WMT,Consumer Staples,0,5
37,2022-12-09,2023-04-20,XOM,Energy,1,3
38,2022-12-23,2023-05-04,AAPL,Information Technology,0,3
38,2022-12-23,2023-05-04,AMD,Information Technology,0,3
38,2022-12-23,2023-05-04,AMT,Real Estate,1,3
38,2022-12-23,2023-05-04,AMZN,Consumer Discretionary,0,3
38,2022-12-23,2023-05-04,AVGO,Information Technology,0,2
38,2022-12-23,2023-05-04,BA,Industrials,2,4
38,2022-12-23,2023-05-04,BAC,Financials,2,5
38,2022-12-23,2023-05-04,BRK.B,Financials,2,5
38,2022-12-23,2023-05-04,CAT,Industrials,2,5
38,2022-12-23,2023-05-04,COST,Consumer Staples,1,2
38,2022-12-23,2023-05-04,CRM,Information Technology,0,2
38,2022-12-23,2023-05-04,CSCO,Information Technology,0,2
38,2022-12-23,2023-05-04,CVX,Energy,2,4
38,2022-12-23,2023-05-04,DIS,Communication Services,0,2
38,2022-12-23,2023-05-04,DUK,Utilities,1,1
38,2022-12-23,2023-05-04,GE,Industrials,5,3
38,2022-12-23,2023-05-04,GOOG,Communication Services,0,3
38,2022-12-23,2023-05-04,GOOGL,Communication Services,0,3
38,2022-12-23,2023-05-04,GS,Financials,2,5
38,2022-12-23,2023-05-04,HD,Consumer Discretionary,0,2
38,2022-12-23,2023-05-04,INTC,Information Technology,0,3
38,2022-12-23,2023-05-04,JNJ,Health Care,1,1
38,2022-12-23,2023-05-04,JPM,Financials,2,5
38,2022-12-23,2023-05-04,KO,Consumer Staples,1,1
38,2022-12-23,2023-05-04,LIN,Materials,2,5
38,2022-12-23,2023-05-04,LLY,Health Care,4,1
38,2022-12-23,2023-05-04,MA,Financials,0,2
38,2022-12-23,2023-05-04,MCD,Consumer Discretionary,1,1
38,2022-12-23,2023-05-04,META,Communication Services,0,3
38,2022-12-23,2023-05-04,MS,Financials,2,5
38,2022-12-23,2023-05-04,MSFT,Information Technology,0,3
38,2022-12-23,2023-05-04,NEE,Utilities,1,3
38,2022-12-23,2023-05-04,NFLX,Communication Services,0,2
38,2022-12-23,2023-05-04,NKE,Consumer Discretionary,0,2
38,2022-12-23,2023-05-04,NVDA,Information Technology,0,2
38,2022-12-23,2023-05-04,ORCL,Information Technology,2,2
38,2022-12-23,2023-05-04,PEP,Consumer Staples,1,1
38,2022-12-23,2023-05-04,PFE,Health Care,1,0
38,2022-12-23,2023-05-04,PG,Consumer Staples,1,1
38,2022-12-23,2023-05-04,T,Communication Services,3,0
38,2022-12-23,2023-05-04,TSLA,Consumer Discretionary,0,2
38,2022-12-23,2023-05-04,UNH,Health Care,4,1
38,2022-12-23,2023-05-04,V,Financials,0,2
38,2022-12-23,2023-05-04,VZ,Communication Services,3,0
38,2022-12-23,2023-05-04,WMT,Consumer Staples,1,1
38,2022-12-23,2023-05-04,XOM,Energy,2,4
39,2023-01-10,2023-05-18,AAPL,Information Technology,1,1
39,2023-01-10,2023-05-18,AMD,Information Technology,1,1
39,2023-01-10,2023-05-18,AMT,Real Estate,0,2
39,2023-01-10,2023-05-18,AMZN,Consumer Discretionary,1,1
39,2023-01-10,2023-05-18,AVGO,Information Technology,1,0
39,2023-01-10,2023-05-18,BA,Industrials,4,4
39,2023-01-10,2023-05-18,BAC,Financials,4,3
39,2023-01-10,2023-05-18,BRK.B,Financials,4,3
39,2023-01-10,2023-05-18,CAT,Industrials,4,3
39,2023-01-10,2023-05-18,COST,Consumer Staples,0,0
39,2023-01-10,2023-05-18,CRM,Information Technology,1,1
39,2023-01-10,2023-05-18,CSCO,Information Technology,1,0
39,2023-01-10,2023-05-18,CVX,Energy,4,4
39,2023-01-10,2023-05-18,DIS,Communication Services,1,0
39,2023-01-10,2023-05-18,DUK,Utilities,0,2
39,2023-01-10,2023-05-18,GE,Industrials,5,3
39,2023-01-10,2023-05-18,GOOG,Communication Services,1,1
39,2023-01-10,2023-05-18,GOOGL,Communication Services,1,1
39,2023-01-10,2023-05-18,GS,Financials,4,3
39,2023-01-10,2023-05-18,HD,Consumer Discretionary,1,0
39,2023-01-10,2023-05-18,INTC,Information Technology,1,1
39,2023-01-10,2023-05-18,JNJ,Health Care,0,2
39,2023-01-10,2023-05-18,JPM,Financials,4,3
39,2023-01-10,2023-05-18,KO,Consumer Staples,0,5
39,2023-01-10,2023-05-18,LIN,Materials,4,4
39,2023-01-10,2023-05-18,LLY,Health Care,2,2
39,2023-01-10,2023-05-18,MA,Financials,1,0
39,2023-01-10,2023-05-18,MCD,Consumer Discretionary,0,5
39,2023-01-10,2023-05-18,META,Communication Services,1,1
39,2023-01-10,2023-05-18,MS,Financials,4,3
39,2023-01-10,2023-05-18,MSFT,Information Technology,1,1
39,2023-01-10,2023-05-18,NEE,Utilities,0,2
39,2023-01-10,2023-05-18,NFLX,Communication Services,1,0
39,2023-01-10,2023-05-18,NKE,Consumer Discretionary,1,0
39,2023-01-10,2023-05-18,NVDA,Information Technology,1,1
39,2023-01-10,2023-05-18,ORCL,Information Technology,1,0
39,2023-01-10,2023-05-18,PEP,Consumer Staples,0,5
39,2023-01-10,2023-05-18,PFE,Health Care,0,2
39,2023-01-10,2023-05-18,PG,Consumer Staples,0,2
39,2023-01-10,2023-05-18,T,Communication Services,3,0
39,2023-01-10,2023-05-18,TSLA,Consumer Discretionary,1,0
39,2023-01-10,2023-05-18,UNH,Health Care,0,4
39,2023-01-10,2023-05-18,V,Financials,1,0
39,2023-01-10,2023-05-18,VZ,Communication Services,3,2
39,2023-01-10,2023-05-18,WMT,Consumer Staples,0,5
39,2023-01-10,2023-05-18,XOM,Energy,4,4
40,2023-01-25,2023-06-02,AAPL,Information Technology,4,0
40,2023-01-25,2023-06-02,AMD,Information Technology,4,5
40,2023-01-25,2023-06-02,AMT,Real Estate,0,2
40,2023-01-25,2023-06-02,AMZN,Consumer Discretionary,4,0
40,2023-01-25,2023-06-02,AVGO,Information Technology,4,5
40,2023-01-25,2023-06-02,BA,Industrials,1,1
40,2023-01-25,2023-06-02,BAC,Financials,1,1
40,2023-01-25,2023-06-02,BRK.B,Financials,1,1
40,2023-01-25,2023-06-02,CAT,Industrials,1,1
40,2023-01-25,2023-06-02,COST,Consumer Staples,4,0
40,2023-01-25,2023-06-02,CRM,Information Technology,4,0
40,2023-01-25,2023-06-02,CSCO,Information Technology,1,0
40,2023-01-25,2023-06-02,CVX,Energy,1,4
40,2023-01-25,2023-06-02,DIS,Communication Services,1,0
40,2023-01-25,2023-06-02,DUK,Utilities,0,2
40,2023-01-25,2023-06-02,GE,Industrials,1,0
40,2023-01-25,2023-06-02,GOOG,Communication Services,4,5
40,2023-01-25,2023-06-02,GOOGL,Communication Services,4,5
40,2023-01-25,2023-06-02,GS,Financials,1,1
40,2023-01-25,2023-06-02,HD,Consumer Discretionary,1,0
40,2023-01-25,2023-06-02,INTC,Information Technology,4,0
40,2023-01-25,2023-06-02,JNJ,Health Care,0,2
40,2023-01-25,2023-06-02,JPM,Financials,1,1
40,2023-01-25,2023-06-02,KO,Consumer Staples,0,3
40,2023-01-25,2023-06-02,LIN,Materials,1,1
40,2023-01-25,2023-06-02,LLY,Health Care,3,3
40,2023-01-25,2023-06-02,MA,Financials,1,0
40,2023-01-25,2023-06-02,MCD,Consumer Discretionary,0,3
40,2023-01-25,2023-06-02,META,Communication Services,4,5
40,2023-01-25,2023-06-02,MS,Financials,1,1
40,2023-01-25,2023-06-02,MSFT,Information Technology,4,5
40,2023-01-25,2023-06-02,NEE,Utilities,0,2
40,2023-01-25,2023-06-02,NFLX,Communication Services,4,0
40,2023-01-25,2023-06-02,NKE,Consumer Discretionary,1,0
40,2023-01-25,2023-06-02,NVDA,Information Technology,4,5
40,2023-01-25,2023-06-02,ORCL,Information Technology,5,5
40,2023-01-25,2023-06-02,PEP,Consumer Staples,0,3
40,2023-01-25,2023-06-02,PFE,Health Care,0,2
40,2023-01-25,2023-06-02,PG,Consumer Staples,0,3
40,2023-01-25,2023-06-02,T,Communication Services,2,0
40,2023-01-25,2023-06-02,TSLA,Consumer Discretionary,4,0
40,2023-01-25,2023-06-02,UNH,Health Care,0,3
40,2023-01-25,2023-06-02,V,Financials,1,0
40,2023-01-25,2023-06-02,VZ,Communication Services,2,2
40,2023-01-25,2023-06-02,WMT,Consumer Staples,0,3
40,2023-01-25,2023-06-02,XOM,Energy,1,4
41,2023-02-08,2023-06-16,AAPL,Information Technology,2,5
41,2023-02-08,2023-06-16,AMD,Information Technology,2,4
41,2023-02-08,2023-06-16,AMT,Real Estate,0,2
41,2023-02-08,2023-06-16,AMZN,Consumer Discretionary,2,4
41,2023-02-08,2023-06-16,AVGO,Information Technology,2,5
41,2023-02-08,2023-06-16,BA,Industrials,3,2
41,2023-02-08,2023-06-16,BAC,Financials,3,3
41,2023-02-08,2023-06-16,BRK.B,Financials,3,3
41,2023-02-08,2023-06-16,CAT,Industrials,3,3
41,2023-02-08,2023-06-16,COST,Consumer Staples,5,4
41,2023-02-08,2023-06-16,CRM,Information Technology,2,4
41,2023-02-08,2023-06-16,CSCO,Information Technology,1,5
41,2023-02-08,2023-06-16,CVX,Energy,3,3
41,2023-02-08,2023-06-16,DIS,Communication Services,3,0
41,2023-02-08,2023-06-16,DUK,Utilities,0,2
41,2023-02-08,2023-06-16,GE,Industrials,3,3
41,2023-02-08,2023-06-16,GOOG,Communication Services,2,4
41,2023-02-08,2023-06-16,GOOGL,Communication Services,2,4
41,2023-02-08,2023-06-16,GS,Financials,3,3
41,2023-02-08,2023-06-16,HD,Consumer Discretionary,3,0
41,2023-02-08,2023-06-16,INTC,Information Technology,1,2
41,2023-02-08,2023-06-16,JNJ,Health Care,0,1
41,2023-02-08,2023-06-16,JPM,Financials,3,3
41,2023-02-08,2023-06-16,KO,Consumer Staples,0,1
41,2023-02-08,2023-06-16,LIN,Materials,3,3
41,2023-02-08,2023-06-16,LLY,Health Care,0,1
41,2023-02-08,2023-06-16,MA,Financials,3,0
41,2023-02-08,2023-06-16,MCD,Consumer Discretionary,0,1
41,2023-02-08,2023-06-16,META,Communication Services,2,4
41,2023-02-08,2023-06-16,MS,Financials,3,3
41,2023-02-08,2023-06-16,MSFT,Information Technology,2,5
41,2023-02-08,2023-06-16,NEE,Utilities,0,2
41,2023-02-08,2023-06-16,NFLX,Communication Services,5,4
41,2023-02-08,2023-06-16,NKE,Consumer Discretionary,3,0
41,2023-02-08,2023-06-16,NVDA,Information Technology,2,5
41,2023-02-08,2023-06-16,ORCL,Information Technology,2,5
41,2023-02-08,2023-06-16,PEP,Consumer Staples,0,1
41,2023-02-08,2023-06-16,PFE,Health Care,0,2
41,2023-02-08,2023-06-16,PG,Consumer Staples,0,1
41,2023-02-08,2023-06-16,T,Communication Services,4,0
41,2023-02-08,2023-06-16,TSLA,Consumer Discretionary,3,0
41,2023-02-08,2023-06-16,UNH,Health Care,0,1
41,2023-02-08,2023-06-16,V,Financials,3,0
41,2023-02-08,2023-06-16,VZ,Communication Services,4,0
41,2023-02-08,2023-06-16,WMT,Consumer Staples,5,1
41,2023-02-08,2023-06-16,XOM,Energy,3,3
42,2023-02-23,2023-07-03,AAPL,Information Technology,2,1
42,2023-02-23,2023-07-03,AMD,Information Technology,2,1
42,2023-02-23,2023-07-03,AMT,Real Estate,1,3
42,2023-02-23,2023-07-03,AMZN,Consumer Discretionary,2,1
42,2023-02-23,2023-07-03,AVGO,Information Technology,2,1
42,2023-02-23,2023-07-03,BA,Industrials,3,5
42,2023-02-23,2023-07-03,BAC,Financials,3,5
42,2023-02-23,2023-07-03,BRK.B,Financials,3,5
42,2023-02-23,2023-07-03,CAT,Industrials,3,5
42,2023-02-23,2023-07-03,COST,Consumer Staples,5,0
42,2023-02-23,2023-07-03,CRM,Information Technology,2,1
42,2023-02-23,2023-07-03,CSCO,Information Technology,2,4
42,2023-02-23,2023-07-03,CVX,Energy,3,5
42,2023-02-23,2023-07-03,DIS,Communication Services,3,4
42,2023-02-23,2023-07-03,DUK,Utilities,1,3
42,2023-02-23,2023-07-03,GE,Industrials,3,0
42,2023-02-23,2023-07-03,GOOG,Communication Services,2,1
42,2023-02-23,2023-07-03,GOOGL,Communication Services,2,1
42,2023-02-23,2023-07-03,GS,Financials,3,5
42,2023-02-23,2023-07-03,HD,Consumer Discretionary,3,4
42,2023-02-23,2023-07-03,INTC,Information Technology,0,4
42,2023-02-23,2023-07-03,JNJ,Health Care,1,2
42,2023-02-23,2023-07-03,JPM,Financials,3,5
42,2023-02-23,2023-07-03,KO,Consumer Staples,1,3
42,2023-02-23,2023-07-03,LIN,Materials,3,5
42,2023-02-23,2023-07-03,LLY,Health Care,1,3
42,2023-02-23,2023-07-03,MA,Financials,3,0
42,2023-02-23,2023-07-03,MCD,Consumer Discretionary,1,3
42,2023-02-23,2023-07-03,META,Communication Services,2,1
42,2023-02-23,2023-07-03,MS,Financials,3,5
42,2023-02-23,2023-07-03,MSFT,Information Technology,2,1
42,2023-02-23,2023-07-03,NEE,Utilities,1,3
42,2023-02-23,2023-07-03,NFLX,Communication Services,5,4
42,2023-02-23,2023-07-03,NKE,Consumer Discretionary,3,4
42,2023-02-23,2023-07-03,NVDA,Information Technology,2,1
42,2023-02-23,2023-07-03,ORCL,Information Technology,2,1
42,2023-02-23,2023-07-03,PEP,Consumer Staples,1,3
42,2023-02-23,2023-07-03,PFE,Health Care,4,2
42,2023-02-23,2023-07-03,PG,Consumer Staples,1,3
42,2023-02-23,2023-07-03,T,Communication Services,0,4
42,2023-02-23,2023-07-03,TSLA,Consumer Discretionary,2,4
42,2023-02-23,2023-07-03,UNH,Health Care,4,2
42,2023-02-23,2023-07-03,V,Financials,3,0
42,2023-02-23,2023-07-03,VZ,Communication Services,0,4
42,2023-02-23,2023-07-03,WMT,Consumer Staples,5,3
42,2023-02-23,2023-07-03,XOM,Energy,3,5
43,2023-03-09,2023-07-18,AAPL,Information Technology,1,0
43,2023-03-09,2023-07-18,AMD,Information Technology,1,4
43,2023-03-09,2023-07-18,AMT,Real Estate,0,1
43,2023-03-09,2023-07-18,AMZN,Consumer Discretionary,1,4
43,2023-03-09,2023-07-18,AVGO,Information Technology,1,0
43,2023-03-09,2023-07-18,BA,Industrials,3,5
43,2023-03-09,2023-07-18,BAC,Financials,3,2
43,2023-03-09,2023-07-18,BRK.B,Financials,3,2
43,2023-03-09,2023-07-18,CAT,Industrials,3,2
43,2023-03-09,2023-07-18,COST,Consumer Staples,1,0
43,2023-03-09,2023-07-18,CRM,Information Technology,1,0
43,2023-03-09,2023-07-18,CSCO,Information Technology,1,5
43,2023-03-09,2023-07-18,CVX,Energy,3,2
43,2023-03-09,2023-07-18,DIS,Communication Services,3,5
43,2023-03-09,2023-07-18,DUK,Utilities,0,1
43,2023-03-09,2023-07-18,GE,Industrials,3,2
43,2023-03-09,2023-07-18,GOOG,Communication Services,1,4
43,2023-03-09,2023-07-18,GOOGL,Communication Services,1,4
43,2023-03-09,2023-07-18,GS,Financials,3,2
43,2023-03-09,2023-07-18,HD,Consumer Discretionary,3,5
43,2023-03-09,2023-07-18,INTC,Information Technology,4,5
43,2023-03-09,2023-07-18,JNJ,Health Care,0,1
43,2023-03-09,2023-07-18,JPM,Financials,3,2
43,2023-03-09,2023-07-18,KO,Consumer Staples,0,1
43,2023-03-09,2023-07-18,LIN,Materials,3,2
43,2023-03-09,2023-07-18,LLY,Health Care,2,3
43,2023-03-09,2023-07-18,MA,Financials,3,0
43,2023-03-09,2023-07-18,MCD,Consumer Discretionary,0,1
43,2023-03-09,2023-07-18,META,Communication Services,1,0
43,2023-03-09,2023-07-18,MS,Financials,3,2
43,2023-03-09,2023-07-18,MSFT,Information Technology,1,4
43,2023-03-09,2023-07-18,NEE,Utilities,0,1
43,2023-03-09,2023-07-18,NFLX,Communication Services,1,0
43,2023-03-09,2023-07-18,NKE,Consumer Discretionary,3,5
43,2023-03-09,2023-07-18,NVDA,Information Technology,1,0
43,2023-03-09,2023-07-18,ORCL,Information Technology,1,0
43,2023-03-09,2023-07-18,PEP,Consumer Staples,0,1
43,2023-03-09,2023-07-18,PFE,Health Care,5,5
43,2023-03-09,2023-07-18,PG,Consumer Staples,0,1
43,2023-03-09,2023-07-18,T,Communication Services,0,5
43,2023-03-09,2023-07-18,TSLA,Consumer Discretionary,1,0
43,2023-03-09,2023-07-18,UNH,Health Care,2,3
43,2023-03-09,2023-07-18,V,Financials,3,0
43,2023-03-09,2023-07-18,VZ,Communication Services,0,5
43,2023-03-09,2023-07-18,WMT,Consumer Staples,0,1
43,2023-03-09,2023-07-18,XOM,Energy,3,2
44,2023-03-23,2023-08-01,AAPL,Information Technology,2,3
44,2023-03-23,2023-08-01,AMD,Information Technology,2,2
44,2023-03-23,2023-08-01,AMT,Real Estate,4,4
44,2023-03-23,2023-08-01,AMZN,Consumer Discretionary,2,3
44,2023-03-23,2023-08-01,AVGO,Information Technology,2,2
44,2023-03-23,2023-08-01,BA,Industrials,0,0
44,2023-03-23,2023-08-01,BAC,Financials,0,0
44,2023-03-23,2023-08-01,BRK.B,Financials,0,0
44,2023-03-23,2023-08-01,CAT,Industrials,0,0
44,2023-03-23,2023-08-01,COST,Consumer Staples,3,3
44,2023-03-23,2023-08-01,CRM,Information Technology,2,3
44,2023-03-23,2023-08-01,CSCO,Information Technology,0,2
44,2023-03-23,2023-08-01,CVX,Energy,0,0
44,2023-03-23,2023-08-01,DIS,Communication Services,0,0
44,2023-03-23,2023-08-01,DUK,Utilities,3,4
44,2023-03-23,2023-08-01,GE,Industrials,0,0
44,2023-03-23,2023-08-01,GOOG,Communication Services,2,5
44,2023-03-23,2023-08-01,GOOGL,Communication Services,2,5
44,2023-03-23,2023-08-01,GS,Financials,0,0
44,2023-03-23,2023-08-01,HD,Consumer Discretionary,0,0
44,2023-03-23,2023-08-01,INTC,Information Technology,5,3
44,2023-03-23,2023-08-01,JNJ,Health Care,3,1
44,2023-03-23,2023-08-01,JPM,Financials,0,0
44,2023-03-23,2023-08-01,KO,Consumer Staples,3,1
44,2023-03-23,2023-08-01,LIN,Materials,0,3
44,2023-03-23,2023-08-01,LLY,Health Care,3,1
44,2023-03-23,2023-08-01,MA,Financials,0,3
44,2023-03-23,2023-08-01,MCD,Consumer Discretionary,3,1
44,2023-03-23,2023-08-01,META,Communication Services,2,5
44,2023-03-23,2023-08-01,MS,Financials,0,0
44,2023-03-23,2023-08-01,MSFT,Information Technology,2,3
44,2023-03-23,2023-08-01,NEE,Utilities,3,4
44,2023-03-23,2023-08-01,NFLX,Communication Services,2,3
44,2023-03-23,2023-08-01,NKE,Consumer Discretionary,5,3
44,2023-03-23,2023-08-01,NVDA,Information Technology,2,2
44,2023-03-23,2023-08-01,ORCL,Information Technology,2,2
44,2023-03-23,2023-08-01,PEP,Consumer Staples,3,1
44,2023-03-23,2023-08-01,PFE,Health Care,1,4
44,2023-03-23,2023-08-01,PG,Consumer Staples,3,1
44,2023-03-23,2023-08-01,T,Communication Services,4,4
44,2023-03-23,2023-08-01,TSLA,Consumer Discretionary,2,3
44,2023-03-23,2023-08-01,UNH,Health Care,1,1
44,2023-03-23,2023-08-01,V,Financials,0,3
44,2023-03-23,2023-08-01,VZ,Communication Services,4,4
44,2023-03-23,2023-08-01,WMT,Consumer Staples,3,1
44,2023-03-23,2023-08-01,XOM,Energy,0,0
45,2023-04-06,2023-08-15,AAPL,Information Technology,0,2
45,2023-04-06,2023-08-15,AMD,Information Technology,0,2
45,2023-04-06,2023-08-15,AMT,Real Estate,1,4
45,2023-04-06,2023-08-15,AMZN,Consumer Discretionary,0,5
45,2023-04-06,2023-08-15,AVGO,Information Technology,0,2
45,2023-04-06,2023-08-15,BA,Industrials,2,3
45,2023-04-06,2023-08-15,BAC,Financials,2,0
45,2023-04-06,2023-08-15,BRK.B,Financials,2,0
45,2023-04-06,2023-08-15,CAT,Industrials,2,0
45,2023-04-06,2023-08-15,COST,Consumer Staples,4,3
45,2023-04-06,2023-08-15,CRM,Information Technology,0,5
45,2023-04-06,2023-08-15,CSCO,Information Technology,2,0
45,2023-04-06,2023-08-15,CVX,Energy,2,0
45,2023-04-06,2023-08-15,DIS,Communication Services,2,0
45,2023-04-06,2023-08-15,DUK,Utilities,1,4
45,2023-04-06,2023-08-15,GE,Industrials,2,0
45,2023-04-06,2023-08-15,GOOG,Communication Services,0,5
45,2023-04-06,2023-08-15,GOOGL,Communication Services,0,5
45,2023-04-06,2023-08-15,GS,Financials,2,0
45,2023-04-06,2023-08-15,HD,Consumer Discretionary,2,0
45,2023-04-06,2023-08-15,INTC,Information Technology,0,3
45,2023-04-06,2023-08-15,JNJ,Health Care,4,1
45,2023-04-06,2023-08-15,JPM,Financials,2,0
45,2023-04-06,2023-08-15,KO,Consumer Staples,4,1
45,2023-04-06,2023-08-15,LIN,Materials,2,3
45,2023-04-06,2023-08-15,LLY,Health Care,5,1
45,2023-04-06,2023-08-15,MA,Financials,2,3
45,2023-04-06,2023-08-15,MCD,Consumer Discretionary,4,1
45,2023-04-06,2023-08-15,META,Communication Services,0,5
45,2023-04-06,2023-08-15,MS,Financials,2,0
45,2023-04-06,2023-08-15,MSFT,Information Technology,0,2
45,2023-04-06,2023-08-15,NEE,Utilities,1,4
45,2023-04-06,2023-08-15,NFLX,Communication Services,0,2
45,2023-04-06,2023-08-15,NKE,Consumer Discretionary,2,0
45,2023-04-06,2023-08-15,NVDA,Information Technology,0,2
45,2023-04-06,2023-08-15,ORCL,Information Technology,0,2
45,2023-04-06,2023-08-15,PEP,Consumer Staples,4,1
45,2023-04-06,2023-08-15,PFE,Health Care,1,4
45,2023-04-06,2023-08-15,PG,Consumer Staples,4,1
45,2023-04-06,2023-08-15,T,Communication Services,1,4
45,2023-04-06,2023-08-15,TSLA,Consumer Discretionary,0,2
45,2023-04-06,2023-08-15,UNH,Health Care,3,3
45,2023-04-06,2023-08-15,V,Financials,2,3
45,2023-04-06,2023-08-15,VZ,Communication Services,1,4
45,2023-04-06,2023-08-15,WMT,Consumer Staples,4,3
45,2023-04-06,2023-08-15,XOM,Energy,2,0
46,2023-04-21,2023-08-29,AAPL,Information Technology,2,3
46,2023-04-21,2023-08-29,AMD,Information Technology,2,3
46,2023-04-21,2023-08-29,AMT,Real Estate,4,4
46,2023-04-21,2023-08-29,AMZN,Consumer Discretionary,2,3
46,2023-04-21,2023-08-29,AVGO,Information Technology,2,3
46,2023-04-21,2023-08-29,BA,Industrials,1,0
46,2023-04-21,2023-08-29,BAC,Financials,1,1
46,2023-04-21,2023-08-29,BRK.B,Financials,1,0
46,2023-04-21,2023-08-29,CAT,Industrials,1,1
46,2023-04-21,2023-08-29,COST,Consumer Staples,5,2
46,2023-04-21,2023-08-29,CRM,Information Technology,2,3
46,2023-04-21,2023-08-29,CSCO,Information Technology,1,1
46,2023-04-21,2023-08-29,CVX,Energy,1,1
46,2023-04-21,2023-08-29,DIS,Communication Services,1,1
46,2023-04-21,2023-08-29,DUK,Utilities,5,4
46,2023-04-21,2023-08-29,GE,Industrials,1,0
46,2023-04-21,2023-08-29,GOOG,Communication Services,2,3
46,2023-04-21,2023-08-29,GOOGL,Communication Services,2,3
46,2023-04-21,2023-08-29,GS,Financials,1,1
46,2023-04-21,2023-08-29,HD,Consumer Discretionary,1,1
46,2023-04-21,2023-08-29,INTC,Information Technology,2,3
46,2023-04-21,2023-08-29,JNJ,Health Care,5,5
46,2023-04-21,2023-08-29,JPM,Financials,1,1
46,2023-04-21,2023-08-29,KO,Consumer Staples,5,5
46,2023-04-21,2023-08-29,LIN,Materials,1,2
46,2023-04-21,2023-08-29,LLY,Health Care,0,5
46,2023-04-21,2023-08-29,MA,Financials,1,0
46,2023-04-21,2023-08-29,MCD,Consumer Discretionary,5,5
46,2023-04-21,2023-08-29,META,Communication Services,2,3
46,2023-04-21,2023-08-29,MS,Financials,1,1
46,2023-04-21,2023-08-29,MSFT,Information Technology,2,3
46,2023-04-21,2023-08-29,NEE,Utilities,5,4
46,2023-04-21,2023-08-29,NFLX,Communication Services,2,3
46,2023-04-21,2023-08-29,NKE,Consumer Discretionary,1,1
46,2023-04-21,2023-08-29,NVDA,Information Technology,2,3
46,2023-04-21,2023-08-29,ORCL,Information Technology,2,3
46,2023-04-21,2023-08-29,PEP,Consumer Staples,5,5
46,2023-04-21,2023-08-29,PFE,Health Care,3,4
46,2023-04-21,2023-08-29,PG,Consumer Staples,5,5
46,2023-04-21,2023-08-29,T,Communication Services,4,4
46,2023-04-21,2023-08-29,TSLA,Consumer Discretionary,2,3
46,2023-04-21,2023-08-29,UNH,Health Care,0,2
46,2023-04-21,2023-08-29,V,Financials,1,0
46,2023-04-21,2023-08-29,VZ,Communication Services,4,4
46,2023-04-21,2023-08-29,WMT,Consumer Staples,5,2
46,2023-04-21,2023-08-29,XOM,Energy,1,1
47,2023-05-05,2023-09-13,AAPL,Information Technology,3,3
47,2023-05-05,2023-09-13,AMD,Information Technology,3,3
47,2023-05-05,2023-09-13,AMT,Real Estate,5,4
47,2023-05-05,2023-09-13,AMZN,Consumer Discretionary,3,3
47,2023-05-05,2023-09-13,AVGO,Information Technology,3,3
47,2023-05-05,2023-09-13,BA,Industrials,0,2
47,2023-05-05,2023-09-13,BAC,Financials,0,2
47,2023-05-05,2023-09-13,BRK.B,Financials,0,2
47,2023-05-05,2023-09-13,CAT,Industrials,0,5
47,2023-05-05,2023-09-13,COST,Consumer Staples,2,1
47,2023-05-05,2023-09-13,CRM,Information Technology,3,3
47,2023-05-05,2023-09-13,CSCO,Information Technology,0,5
47,2023-05-05,2023-09-13,CVX,Energy,0,2
47,2023-05-05,2023-09-13,DIS,Communication Services,0,5
47,2023-05-05,2023-09-13,DUK,Utilities,2,1
47,2023-05-05,2023-09-13,GE,Industrials,0,5
47,2023-05-05,2023-09-13,GOOG,Communication Services,3,0
47,2023-05-05,2023-09-13,GOOGL,Communication Services,3,0
47,2023-05-05,2023-09-13,GS,Financials,0,2
47,2023-05-05,2023-09-13,HD,Consumer Discretionary,0,2
47,2023-05-05,2023-09-13,INTC,Information Technology,3,3
47,2023-05-05,2023-09-13,JNJ,Health Care,2,1
47,2023-05-05,2023-09-13,JPM,Financials,0,2
47,2023-05-05,2023-09-13,KO,Consumer Staples,2,1
47,2023-05-05,2023-09-13,LIN,Materials,0,5
47,2023-05-05,2023-09-13,LLY,Health Care,1,1
47,2023-05-05,2023-09-13,MA,Financials,0,0
47,2023-05-05,2023-09-13,MCD,Consumer Discretionary,2,1
47,2023-05-05,2023-09-13,META,Communication Services,3,3
47,2023-05-05,2023-09-13,MS,Financials,0,2
47,2023-05-05,2023-09-13,MSFT,Information Technology,3,3
47,2023-05-05,2023-09-13,NEE,Utilities,2,1
47,2023-05-05,2023-09-13,NFLX,Communication Services,3,3
47,2023-05-05,2023-09-13,NKE,Consumer Discretionary,0,5
47,2023-05-05,2023-09-13,NVDA,Information Technology,3,3
47,2023-05-05,2023-09-13,ORCL,Information Technology,3,3
47,2023-05-05,2023-09-13,PEP,Consumer Staples,2,1
47,2023-05-05,2023-09-13,PFE,Health Care,4,2
47,2023-05-05,2023-09-13,PG,Consumer Staples,2,1
47,2023-05-05,2023-09-13,T,Communication Services,5,4
47,2023-05-05,2023-09-13,TSLA,Consumer Discretionary,3,3
47,2023-05-05,2023-09-13,UNH,Health Care,1,1
47,2023-05-05,2023-09-13,V,Financials,0,5
47,2023-05-05,2023-09-13,VZ,Communication Services,5,4
47,2023-05-05,2023-09-13,WMT,Consumer Staples,2,1
47,2023-05-05,2023-09-13,XOM,Energy,0,2
48,2023-05-19,2023-09-27,AAPL,Information Technology,2,2
48,2023-05-19,2023-09-27,AMD,Information Technology,2,2
48,2023-05-19,2023-09-27,AMT,Real Estate,4,4
48,2023-05-19,2023-09-27,AMZN,Consumer Discretionary,2,2
48,2023-05-19,2023-09-27,AVGO,Information Technology,2,2
48,2023-05-19,2023-09-27,BA,Industrials,0,0
48,2023-05-19,2023-09-27,BAC,Financials,0,1
48,2023-05-19,2023-09-27,BRK.B,Financials,0,1
48,2023-05-19,2023-09-27,CAT,Industrials,0,1
48,2023-05-19,2023-09-27,COST,Consumer Staples,1,2
48,2023-05-19,2023-09-27,CRM,Information Technology,2,2
48,2023-05-19,2023-09-27,CSCO,Information Technology,0,1
48,2023-05-19,2023-09-27,CVX,Energy,0,1
48,2023-05-19,2023-09-27,DIS,Communication Services,0,4
48,2023-05-19,2023-09-27,DUK,Utilities,1,4
48,2023-05-19,2023-09-27,GE,Industrials,0,0
48,2023-05-19,2023-09-27,GOOG,Communication Services,2,2
48,2023-05-19,2023-09-27,GOOGL,Communication Services,2,2
48,2023-05-19,2023-09-27,GS,Financials,0,1
48,2023-05-19,2023-09-27,HD,Consumer Discretionary,0,1
48,2023-05-19,2023-09-27,INTC,Information Technology,2,2
48,2023-05-19,2023-09-27,JNJ,Health Care,1,5
48,2023-05-19,2023-09-27,JPM,Financials,0,1
48,2023-05-19,2023-09-27,KO,Consumer Staples,1,5
48,2023-05-19,2023-09-27,LIN,Materials,0,5
48,2023-05-19,2023-09-27,LLY,Health Care,1,5
48,2023-05-19,2023-09-27,MA,Financials,0,0
48,2023-05-19,2023-09-27,MCD,Consumer Discretionary,1,5
48,2023-05-19,2023-09-27,META,Communication Services,2,2
48,2023-05-19,2023-09-27,MS,Financials,0,1
48,2023-05-19,2023-09-27,MSFT,Information Technology,2,2
48,2023-05-19,2023-09-27,NEE,Utilities,1,4
48,2023-05-19,2023-09-27,NFLX,Communication Services,2,2
48,2023-05-19,2023-09-27,NKE,Consumer Discretionary,0,1
48,2023-05-19,2023-09-27,NVDA,Information Technology,2,2
48,2023-05-19,2023-09-27,ORCL,Information Technology,2,0
48,2023-05-19,2023-09-27,PEP,Consumer Staples,1,5
48,2023-05-19,2023-09-27,PFE,Health Care,5,3
48,2023-05-19,2023-09-27,PG,Consumer Staples,1,5
48,2023-05-19,2023-09-27,T,Communication Services,4,4
48,2023-05-19,2023-09-27,TSLA,Consumer Discretionary,2,2
48,2023-05-19,2023-09-27,UNH,Health Care,3,3
48,2023-05-19,2023-09-27,V,Financials,0,0
48,2023-05-19,2023-09-27,VZ,Communication Services,4,4
48,2023-05-19,2023-09-27,WMT,Consumer Staples,1,5
48,2023-05-19,2023-09-27,XOM,Energy,0,1
49,2023-06-05,2023-10-11,AAPL,Information Technology,1,1
49,2023-06-05,2023-10-11,AMD,Information Technology,1,1
49,2023-06-05,2023-10-11,AMT,Real Estate,4,2
49,2023-06-05,2023-10-11,AMZN,Consumer Discretionary,1,1
49,2023-06-05,2023-10-11,AVGO,Information Technology,1,1
49,2023-06-05,2023-10-11,BA,Industrials,0,3
49,2023-06-05,2023-10-11,BAC,Financials,0,3
49,2023-06-05,2023-10-11,BRK.B,Financials,0,3
49,2023-06-05,2023-10-11,CAT,Industrials,0,4
49,2023-06-05,2023-10-11,COST,Consumer Staples,2,5
49,2023-06-05,2023-10-11,CRM,Information Technology,1,1
49,2023-06-05,2023-10-11,CSCO,Information Technology,0,4
49,2023-06-05,2023-10-11,CVX,Energy,0,4
49,2023-06-05,2023-10-11,DIS,Communication Services,0,0
49,2023-06-05,2023-10-11,DUK,Utilities,2,2
49,2023-06-05,2023-10-11,GE,Industrials,0,3
49,2023-06-05,2023-10-11,GOOG,Communication Services,1,1
49,2023-06-05,2023-10-11,GOOGL,Communication Services,1,1
49,2023-06-05,2023-10-11,GS,Financials,0,3
49,2023-06-05,2023-10-11,HD,Consumer Discretionary,0,3
49,2023-06-05,2023-10-11,INTC,Information Technology,0,1
49,2023-06-05,2023-10-11,JNJ,Health Care,2,5
49,2023-06-05,2023-10-11,JPM,Financials,0,3
49,2023-06-05,2023-10-11,KO,Consumer Staples,2,5
49,2023-06-05,2023-10-11,LIN,Materials,0,3
49,2023-06-05,2023-10-11,LLY,Health Care,5,2
49,2023-06-05,2023-10-11,MA,Financials,1,3
49,2023-06-05,2023-10-11,MCD,Consumer Discretionary,2,5
49,2023-06-05,2023-10-11,META,Communication Services,1,1
49,2023-06-05,2023-10-11,MS,Financials,0,3
49,2023-06-05,2023-10-11,MSFT,Information Technology,1,1
49,2023-06-05,2023-10-11,NEE,Utilities,2,2
49,2023-06-05,2023-10-11,NFLX,Communication Services,1,1
49,2023-06-05,2023-10-11,NKE,Consumer Discretionary,0,0
49,2023-06-05,2023-10-11,NVDA,Information Technology,1,1
49,2023-06-05,2023-10-11,ORCL,Information Technology,1,1
49,2023-06-05,2023-10-11,PEP,Consumer Staples,2,5
49,2023-06-05,2023-10-11,PFE,Health Care,0,0
49,2023-06-05,2023-10-11,PG,Consumer Staples,2,5
49,2023-06-05,2023-10-11,T,Communication Services,4,2
49,2023-06-05,2023-10-11,TSLA,Consumer Discretionary,1,1
49,2023-06-05,2023-10-11,UNH,Health Care,3,5
49,2023-06-05,2023-10-11,V,Financials,1,3
49,2023-06-05,2023-10-11,VZ,Communication Services,4,2
49,2023-06-05,2023-10-11,WMT,Consumer Staples,2,5
49,2023-06-05,2023-10-11,XOM,Energy,0,4
50,2023-06-20,2023-10-25,AAPL,Information Technology,1,0
50,2023-06-20,2023-10-25,AMD,Information Technology,1,0
50,2023-06-20,2023-10-25,AMT,Real Estate,4,2
50,2023-06-20,2023-10-25,AMZN,Consumer Discretionary,1,0
50,2023-06-20,2023-10-25,AVGO,Information Technology,1,0
50,2023-06-20,2023-10-25,BA,Industrials,1,1
50,2023-06-20,2023-10-25,BAC,Financials,1,1
50,2023-06-20,2023-10-25,BRK.B,Financials,1,1
50,2023-06-20,2023-10-25,CAT,Industrials,1,1
50,2023-06-20,2023-10-25,COST,Consumer Staples,0,5
50,2023-06-20,2023-10-25,CRM,Information Technology,1,0
50,2023-06-20,2023-10-25,CSCO,Information Technology,1,4
50,2023-06-20,2023-10-25,CVX,Energy,2,4
50,2023-06-20,2023-10-25,DIS,Communication Services,1,2
50,2023-06-20,2023-10-25,DUK,Utilities,0,3
50,2023-06-20,2023-10-25,GE,Industrials,1,1
50,2023-06-20,2023-10-25,GOOG,Communication Services,1,0
50,2023-06-20,2023-10-25,GOOGL,Communication Services,1,0
50,2023-06-20,2023-10-25,GS,Financials,1,1
50,2023-06-20,2023-10-25,HD,Consumer Discretionary,1,1
50,2023-06-20,2023-10-25,INTC,Information Technology,1,0
50,2023-06-20,2023-10-25,JNJ,Health Care,0,1
50,2023-06-20,2023-10-25,JPM,Financials,1,1
50,2023-06-20,2023-10-25,KO,Consumer Staples,0,3
50,2023-06-20,2023-10-25,LIN,Materials,1,1
50,2023-06-20,2023-10-25,LLY,Health Care,0,5
50,2023-06-20,2023-10-25,MA,Financials,1,5
50,2023-06-20,2023-10-25,MCD,Consumer Discretionary,0,5
50,2023-06-20,2023-10-25,META,Communication Services,1,0
50,2023-06-20,2023-10-25,MS,Financials,1,1
50,2023-06-20,2023-10-25,MSFT,Information Technology,1,0
50,2023-06-20,2023-10-25,NEE,Utilities,0,3
50,2023-06-20,2023-10-25,NFLX,Communication Services,1,0
50,2023-06-20,2023-10-25,NKE,Consumer Discretionary,1,1
50,2023-06-20,2023-10-25,NVDA,Information Technology,1,0
50,2023-06-20,2023-10-25,ORCL,Information Technology,1,0
50,2023-06-20,2023-10-25,PEP,Consumer Staples,0,3
50,2023-06-20,2023-10-25,PFE,Health Care,5,1
50,2023-06-20,2023-10-25,PG,Consumer Staples,0,3
50,2023-06-20,2023-10-25,T,Communication Services,4,2
50,2023-06-20,2023-10-25,TSLA,Consumer Discretionary,1,0
50,2023-06-20,2023-10-25,UNH,Health Care,3,5
50,2023-06-20,2023-10-25,V,Financials,1,5
50,2023-06-20,2023-10-25,VZ,Communication Services,4,2
50,2023-06-20,2023-10-25,WMT,Consumer Staples,0,5
50,2023-06-20,2023-10-25,XOM,Energy,2,4
51,2023-07-05,2023-11-08,AAPL,Information Technology,4,1
51,2023-07-05,2023-11-08,AMD,Information Technology,4,1
51,2023-07-05,2023-11-08,AMT,Real Estate,0,2
51,2023-07-05,2023-11-08,AMZN,Consumer Discretionary,4,1
51,2023-07-05,2023-11-08,AVGO,Information Technology,4,1
51,2023-07-05,2023-11-08,BA,Industrials,4,4
51,2023-07-05,2023-11-08,BAC,Financials,4,3
51,2023-07-05,2023-11-08,BRK.B,Financials,4,3
51,2023-07-05,2023-11-08,CAT,Industrials,4,3
51,2023-07-05,2023-11-08,COST,Consumer Staples,1,3
51,2023-07-05,2023-11-08,CRM,Information Technology,4,1
51,2023-07-05,2023-11-08,CSCO,Information Technology,4,4
51,2023-07-05,2023-11-08,CVX,Energy,2,3
51,2023-07-05,2023-11-08,DIS,Communication Services,4,4
51,2023-07-05,2023-11-08,DUK,Utilities,1,2
51,2023-07-05,2023-11-08,GE,Industrials,4,3
51,2023-07-05,2023-11-08,GOOG,Communication Services,4,1
51,2023-07-05,2023-11-08,GOOGL,Communication Services,4,1
51,2023-07-05,2023-11-08,GS,Financials,4,3
51,2023-07-05,2023-11-08,HD,Consumer Discretionary,4,4
51,2023-07-05,2023-11-08,INTC,Information Technology,4,1
51,2023-07-05,2023-11-08,JNJ,Health Care,1,5
51,2023-07-05,2023-11-08,JPM,Financials,4,3
51,2023-07-05,2023-11-08,KO,Consumer Staples,1,5
51,2023-07-05,2023-11-08,LIN,Materials,4,3
51,2023-07-05,2023-11-08,LLY,Health Care,5,2
51,2023-07-05,2023-11-08,MA,Financials,4,4
51,2023-07-05,2023-11-08,MCD,Consumer Discretionary,1,5
51,2023-07-05,2023-11-08,META,Communication Services,4,1
51,2023-07-05,2023-11-08,MS,Financials,4,3
51,2023-07-05,2023-11-08,MSFT,Information Technology,4,1
51,2023-07-05,2023-11-08,NEE,Utilities,1,2
51,2023-07-05,2023-11-08,NFLX,Communication Services,4,1
51,2023-07-05,2023-11-08,NKE,Consumer Discretionary,4,4
51,2023-07-05,2023-11-08,NVDA,Information Technology,4,1
51,2023-07-05,2023-11-08,ORCL,Information Technology,4,1
51,2023-07-05,2023-11-08,PEP,Consumer Staples,1,5
51,2023-07-05,2023-11-08,PFE,Health Care,0,4
51,2023-07-05,2023-11-08,PG,Consumer Staples,1,5
51,2023-07-05,2023-11-08,T,Communication Services,0,0
51,2023-07-05,2023-11-08,TSLA,Consumer Discretionary,4,1
51,2023-07-05,2023-11-08,UNH,Health Care,3,3
51,2023-07-05,2023-11-08,V,Financials,4,4
51,2023-07-05,2023-11-08,VZ,Communication Services,0,0
51,2023-07-05,2023-11-08,WMT,Consumer Staples,1,5
51,2023-07-05,2023-11-08,XOM,Energy,2,3
52,2023-07-19,2023-11-22,AAPL,Information Technology,0,2
52,2023-07-19,2023-11-22,AMD,Information Technology,0,2
52,2023-07-19,2023-11-22,AMT,Real Estate,0,3
52,2023-07-19,2023-11-22,AMZN,Consumer Discretionary,0,2
52,2023-07-19,2023-11-22,AVGO,Information Technology,0,2
52,2023-07-19,2023-11-22,BA,Industrials,0,3
52,2023-07-19,2023-11-22,BAC,Financials,0,3
52,2023-07-19,2023-11-22,BRK.B,Financials,0,3
52,2023-07-19,2023-11-22,CAT,Industrials,0,5
52,2023-07-19,2023-11-22,COST,Consumer Staples,0,4
52,2023-07-19,2023-11-22,CRM,Information Technology,0,2
52,2023-07-19,2023-11-22,CSCO,Information Technology,0,4
52,2023-07-19,2023-11-22,CVX,Energy,3,5
52,2023-07-19,2023-11-22,DIS,Communication Services,0,0
52,2023-07-19,2023-11-22,DUK,Utilities,1,1
52,2023-07-19,2023-11-22,GE,Industrials,0,2
52,2023-07-19,2023-11-22,GOOG,Communication Services,0,2
52,2023-07-19,2023-11-22,GOOGL,Communication Services,0,2
52,2023-07-19,2023-11-22,GS,Financials,0,3
52,2023-07-19,2023-11-22,HD,Consumer Discretionary,0,3
52,2023-07-19,2023-11-22,INTC,Information Technology,0,2
52,2023-07-19,2023-11-22,JNJ,Health Care,1,1
52,2023-07-19,2023-11-22,JPM,Financials,0,3
52,2023-07-19,2023-11-22,KO,Consumer Staples,1,1
52,2023-07-19,2023-11-22,LIN,Materials,0,3
52,2023-07-19,2023-11-22,LLY,Health Care,4,3
52,2023-07-19,2023-11-22,MA,Financials,0,3
52,2023-07-19,2023-11-22,MCD,Consumer Discretionary,1,1
52,2023-07-19,2023-11-22,META,Communication Services,0,2
52,2023-07-19,2023-11-22,MS,Financials,0,3
52,2023-07-19,2023-11-22,MSFT,Information Technology,0,2
52,2023-07-19,2023-11-22,NEE,Utilities,1,1
52,2023-07-19,2023-11-22,NFLX,Communication Services,0,2
52,2023-07-19,2023-11-22,NKE,Consumer Discretionary,2,3
52,2023-07-19,2023-11-22,NVDA,Information Technology,0,2
52,2023-07-19,2023-11-22,ORCL,Information Technology,0,2
52,2023-07-19,2023-11-22,PEP,Consumer Staples,1,1
52,2023-07-19,2023-11-22,PFE,Health Care,2,3
52,2023-07-19,2023-11-22,PG,Consumer Staples,1,1
52,2023-07-19,2023-11-22,T,Communication Services,1,1
52,2023-07-19,2023-11-22,TSLA,Consumer Discretionary,0,2
52,2023-07-19,2023-11-22,UNH,Health Care,5,0
52,2023-07-19,2023-11-22,V,Financials,0,3
52,2023-07-19,2023-11-22,VZ,Communication Services,1,1
52,2023-07-19,2023-11-22,WMT,Consumer Staples,0,4
52,2023-07-19,2023-11-22,XOM,Energy,3,5
53,2023-08-02,2023-12-07,AAPL,Information Technology,0,0
53,2023-08-02,2023-12-07,AMD,Information Technology,0,0
53,2023-08-02,2023-12-07,AMT,Real Estate,1,2
53,2023-08-02,2023-12-07,AMZN,Consumer Discretionary,0,0
53,2023-08-02,2023-12-07,AVGO,Information Technology,0,0
53,2023-08-02,2023-12-07,BA,Industrials,0,2
53,2023-08-02,2023-12-07,BAC,Financials,0,2
53,2023-08-02,2023-12-07,BRK.B,Financials,0,2
53,2023-08-02,2023-12-07,CAT,Industrials,0,2
53,2023-08-02,2023-12-07,COST,Consumer Staples,0,5
53,2023-08-02,2023-12-07,CRM,Information Technology,0,0
53,2023-08-02,2023-12-07,CSCO,Information Technology,0,5
53,2023-08-02,2023-12-07,CVX,Energy,3,4
53,2023-08-02,2023-12-07,DIS,Communication Services,0,2
53,2023-08-02,2023-12-07,DUK,Utilities,1,1
53,2023-08-02,2023-12-07,GE,Industrials,0,2
53,2023-08-02,2023-12-07,GOOG,Communication Services,0,0
53,2023-08-02,2023-12-07,GOOGL,Communication Services,0,0
53,2023-08-02,2023-12-07,GS,Financials,0,2
53,2023-08-02,2023-12-07,HD,Consumer Discretionary,0,5
53,2023-08-02,2023-12-07,INTC,Information Technology,0,0
53,2023-08-02,2023-12-07,JNJ,Health Care,4,2
53,2023-08-02,2023-12-07,JPM,Financials,0,2
53,2023-08-02,2023-12-07,KO,Consumer Staples,1,1
53,2023-08-02,2023-12-07,LIN,Materials,0,2
53,2023-08-02,2023-12-07,LLY,Health Care,5,0
53,2023-08-02,2023-12-07,MA,Financials,0,0
53,2023-08-02,2023-12-07,MCD,Consumer Discretionary,1,1
53,2023-08-02,2023-12-07,META,Communication Services,0,0
53,2023-08-02,2023-12-07,MS,Financials,0,2
53,2023-08-02,2023-12-07,MSFT,Information Technology,0,0
53,2023-08-02,2023-12-07,NEE,Utilities,1,1
53,2023-08-02,2023-12-07,NFLX,Communication Services,0,0
53,2023-08-02,2023-12-07,NKE,Consumer Discretionary,1,1
53,2023-08-02,2023-12-07,NVDA,Information Technology,0,0
53,2023-08-02,2023-12-07,ORCL,Information Technology,0,0
53,2023-08-02,2023-12-07,PEP,Consumer Staples,1,1
53,2023-08-02,2023-12-07,PFE,Health Care,2,2
53,2023-08-02,2023-12-07,PG,Consumer Staples,1,1
53,2023-08-02,2023-12-07,T,Communication Services,1,2
53,2023-08-02,2023-12-07,TSLA,Consumer Discretionary,0,0
53,2023-08-02,2023-12-07,UNH,Health Care,4,3
53,2023-08-02,2023-12-07,V,Financials,0,2
53,2023-08-02,2023-12-07,VZ,Communication Services,1,2
53,2023-08-02,2023-12-07,WMT,Consumer Staples,0,5
53,2023-08-02,2023-12-07,XOM,Energy,3,4
54,2023-08-16,2023-12-21,AAPL,Information Technology,1,4
54,2023-08-16,2023-12-21,AMD,Information Technology,1,4
54,2023-08-16,2023-12-21,AMT,Real Estate,0,1
54,2023-08-16,2023-12-21,AMZN,Consumer Discretionary,1,4
54,2023-08-16,2023-12-21,AVGO,Information Technology,1,4
54,2023-08-16,2023-12-21,BA,Industrials,0,4
54,2023-08-16,2023-12-21,BAC,Financials,0,1
54,2023-08-16,2023-12-21,BRK.B,Financials,1,0
54,2023-08-16,2023-12-21,CAT,Industrials,0,1
54,2023-08-16,2023-12-21,COST,Consumer Staples,1,2
54,2023-08-16,2023-12-21,CRM,Information Technology,1,0
54,2023-08-16,2023-12-21,CSCO,Information Technology,1,2
54,2023-08-16,2023-12-21,CVX,Energy,5,1
54,2023-08-16,2023-12-21,DIS,Communication Services,0,1
54,2023-08-16,2023-12-21,DUK,Utilities,0,3
54,2023-08-16,2023-12-21,GE,Industrials,1,0
54,2023-08-16,2023-12-21,GOOG,Communication Services,1,4
54,2023-08-16,2023-12-21,GOOGL,Communication Services,1,4
54,2023-08-16,2023-12-21,GS,Financials,0,1
54,2023-08-16,2023-12-21,HD,Consumer Discretionary,0,1
54,2023-08-16,2023-12-21,INTC,Information Technology,1,4
54,2023-08-16,2023-12-21,JNJ,Health Care,0,1
54,2023-08-16,2023-12-21,JPM,Financials,0,1
54,2023-08-16,2023-12-21,KO,Consumer Staples,2,3
54,2023-08-16,2023-12-21,LIN,Materials,1,4
54,2023-08-16,2023-12-21,LLY,Health Care,1,0
54,2023-08-16,2023-12-21,MA,Financials,1,0
54,2023-08-16,2023-12-21,MCD,Consumer Discretionary,2,3
54,2023-08-16,2023-12-21,META,Communication Services,1,4
54,2023-08-16,2023-12-21,MS,Financials,0,1
54,2023-08-16,2023-12-21,MSFT,Information Technology,1,0
54,2023-08-16,2023-12-21,NEE,Utilities,0,3
54,2023-08-16,2023-12-21,NFLX,Communication Services,1,0
54,2023-08-16,2023-12-21,NKE,Consumer Discretionary,0,0
54,2023-08-16,2023-12-21,NVDA,Information Technology,1,4
54,2023-08-16,2023-12-21,ORCL,Information Technology,1,2
54,2023-08-16,2023-12-21,PEP,Consumer Staples,2,3
54,2023-08-16,2023-12-21,PFE,Health Care,3,1
54,2023-08-16,2023-12-21,PG,Consumer Staples,2,3
54,2023-08-16,2023-12-21,T,Communication Services,0,5
54,2023-08-16,2023-12-21,TSLA,Consumer Discretionary,1,4
54,2023-08-16,2023-12-21,UNH,Health Care,4,3
54,2023-08-16,2023-12-21,V,Financials,1,0
54,2023-08-16,2023-12-21,VZ,Communication Services,0,5
54,2023-08-16,2023-12-21,WMT,Consumer Staples,1,2
54,2023-08-16,2023-12-21,XOM,Energy,5,1
55,2023-08-30,2024-01-08,AAPL,Information Technology,2,1
55,2023-08-30,2024-01-08,AMD,Information Technology,2,1
55,2023-08-30,2024-01-08,AMT,Real Estate,1,4
55,2023-08-30,2024-01-08,AMZN,Consumer Discretionary,2,1
55,2023-08-30,2024-01-08,AVGO,Information Technology,2,1
55,2023-08-30,2024-01-08,BA,Industrials,1,2
55,2023-08-30,2024-01-08,BAC,Financials,1,2
55,2023-08-30,2024-01-08,BRK.B,Financials,2,0
55,2023-08-30,2024-01-08,CAT,Industrials,1,2
55,2023-08-30,2024-01-08,COST,Consumer Staples,2,0
55,2023-08-30,2024-01-08,CRM,Information Technology,2,0
55,2023-08-30,2024-01-08,CSCO,Information Technology,2,0
55,2023-08-30,2024-01-08,CVX,Energy,4,2
55,2023-08-30,2024-01-08,DIS,Communication Services,1,4
55,2023-08-30,2024-01-08,DUK,Utilities,1,4
55,2023-08-30,2024-01-08,GE,Industrials,2,0
55,2023-08-30,2024-01-08,GOOG,Communication Services,2,1
55,2023-08-30,2024-01-08,GOOGL,Communication Services,2,1
55,2023-08-30,2024-01-08,GS,Financials,1,2
55,2023-08-30,2024-01-08,HD,Consumer Discretionary,1,2
55,2023-08-30,2024-01-08,INTC,Information Technology,2,1
55,2023-08-30,2024-01-08,JNJ,Health Care,1,0
55,2023-08-30,2024-01-08,JPM,Financials,1,2
55,2023-08-30,2024-01-08,KO,Consumer Staples,0,3
55,2023-08-30,2024-01-08,LIN,Materials,2,0
55,2023-08-30,2024-01-08,LLY,Health Care,2,0
55,2023-08-30,2024-01-08,MA,Financials,2,0
55,2023-08-30,2024-01-08,MCD,Consumer Discretionary,0,3
55,2023-08-30,2024-01-08,META,Communication Services,2,1
55,2023-08-30,2024-01-08,MS,Financials,1,2
55,2023-08-30,2024-01-08,MSFT,Information Technology,2,1
55,2023-08-30,2024-01-08,NEE,Utilities,1,4
55,2023-08-30,2024-01-08,NFLX,Communication Services,2,1
55,2023-08-30,2024-01-08,NKE,Consumer Discretionary,1,0
55,2023-08-30,2024-01-08,NVDA,Information Technology,2,1
55,2023-08-30,2024-01-08,ORCL,Information Technology,2,1
55,2023-08-30,2024-01-08,PEP,Consumer Staples,0,3
55,2023-08-30,2024-01-08,PFE,Health Care,3,0
55,2023-08-30,2024-01-08,PG,Consumer Staples,0,3
55,2023-08-30,2024-01-08,T,Communication Services,5,5
55,2023-08-30,2024-01-08,TSLA,Consumer Discretionary,1,2
55,2023-08-30,2024-01-08,UNH,Health Care,0,3
55,2023-08-30,2024-01-08,V,Financials,2,0
55,2023-08-30,2024-01-08,VZ,Communication Services,5,5
55,2023-08-30,2024-01-08,WMT,Consumer Staples,2,3
55,2023-08-30,2024-01-08,XOM,Energy,4,2
56,2023-09-14,2024-01-23,AAPL,Information Technology,2,0
56,2023-09-14,2024-01-23,AMD,Information Technology,2,0
56,2023-09-14,2024-01-23,AMT,Real Estate,0,2
56,2023-09-14,2024-01-23,AMZN,Consumer Discretionary,2,0
56,2023-09-14,2024-01-23,AVGO,Information Technology,2,0
56,2023-09-14,2024-01-23,BA,Industrials,0,2
56,2023-09-14,2024-01-23,BAC,Financials,0,2
56,2023-09-14,2024-01-23,BRK.B,Financials,2,3
56,2023-09-14,2024-01-23,CAT,Industrials,0,2
56,2023-09-14,2024-01-23,COST,Consumer Staples,2,4
56,2023-09-14,2024-01-23,CRM,Information Technology,2,0
56,2023-09-14,2024-01-23,CSCO,Information Technology,2,4
56,2023-09-14,2024-01-23,CVX,Energy,0,2
56,2023-09-14,2024-01-23,DIS,Communication Services,5,2
56,2023-09-14,2024-01-23,DUK,Utilities,0,5
56,2023-09-14,2024-01-23,GE,Industrials,2,3
56,2023-09-14,2024-01-23,GOOG,Communication Services,2,0
56,2023-09-14,2024-01-23,GOOGL,Communication Services,2,0
56,2023-09-14,2024-01-23,GS,Financials,0,2
56,2023-09-14,2024-01-23,HD,Consumer Discretionary,0,2
56,2023-09-14,2024-01-23,INTC,Information Technology,2,0
56,2023-09-14,2024-01-23,JNJ,Health Care,0,1
56,2023-09-14,2024-01-23,JPM,Financials,0,2
56,2023-09-14,2024-01-23,KO,Consumer Staples,1,5
56,2023-09-14,2024-01-23,LIN,Materials,4,3
56,2023-09-14,2024-01-23,LLY,Health Care,2,3
56,2023-09-14,2024-01-23,MA,Financials,2,3
56,2023-09-14,2024-01-23,MCD,Consumer Discretionary,1,5
56,2023-09-14,2024-01-23,META,Communication Services,2,0
56,2023-09-14,2024-01-23,MS,Financials,0,2
56,2023-09-14,2024-01-23,MSFT,Information Technology,2,0
56,2023-09-14,2024-01-23,NEE,Utilities,0,5
56,2023-09-14,2024-01-23,NFLX,Communication Services,2,0
56,2023-09-14,2024-01-23,NKE,Consumer Discretionary,0,3
56,2023-09-14,2024-01-23,NVDA,Information Technology,2,0
56,2023-09-14,2024-01-23,ORCL,Information Technology,2,0
56,2023-09-14,2024-01-23,PEP,Consumer Staples,1,5
56,2023-09-14,2024-01-23,PFE,Health Care,4,1
56,2023-09-14,2024-01-23,PG,Consumer Staples,1,5
56,2023-09-14,2024-01-23,T,Communication Services,1,1
56,2023-09-14,2024-01-23,TSLA,Consumer Discretionary,0,2
56,2023-09-14,2024-01-23,UNH,Health Care,3,1
56,2023-09-14,2024-01-23,V,Financials,2,3
56,2023-09-14,2024-01-23,VZ,Communication Services,1,5
56,2023-09-14,2024-01-23,WMT,Consumer Staples,2,4
56,2023-09-14,2024-01-23,XOM,Energy,0,2
57,2023-09-28,2024-02-06,AAPL,Information Technology,1,4
57,2023-09-28,2024-02-06,AMD,Information Technology,1,4
57,2023-09-28,2024-02-06,AMT,Real Estate,0,1
57,2023-09-28,2024-02-06,AMZN,Consumer Discretionary,1,4
57,2023-09-28,2024-02-06,AVGO,Information Technology,1,4
57,2023-09-28,2024-02-06,BA,Industrials,5,1
57,2023-09-28,2024-02-06,BAC,Financials,0,1
57,2023-09-28,2024-02-06,BRK.B,Financials,0,0
57,2023-09-28,2024-02-06,CAT,Industrials,0,1
57,2023-09-28,2024-02-06,COST,Consumer Staples,1,2
57,2023-09-28,2024-02-06,CRM,Information Technology,1,0
57,2023-09-28,2024-02-06,CSCO,Information Technology,1,2
57,2023-09-28,2024-02-06,CVX,Energy,0,1
57,2023-09-28,2024-02-06,DIS,Communication Services,0,1
57,2023-09-28,2024-02-06,DUK,Utilities,0,5
57,2023-09-28,2024-02-06,GE,Industrials,1,0
57,2023-09-28,2024-02-06,GOOG,Communication Services,1,4
57,2023-09-28,2024-02-06,GOOGL,Communication Services,1,4
57,2023-09-28,2024-02-06,GS,Financials,0,1
57,2023-09-28,2024-02-06,HD,Consumer Discretionary,0,1
57,2023-09-28,2024-02-06,INTC,Information Technology,1,4
57,2023-09-28,2024-02-06,JNJ,Health Care,0,1
57,2023-09-28,2024-02-06,JPM,Financials,0,1
57,2023-09-28,2024-02-06,KO,Consumer Staples,2,5
57,2023-09-28,2024-02-06,LIN,Materials,3,3
57,2023-09-28,2024-02-06,LLY,Health Care,4,0
57,2023-09-28,2024-02-06,MA,Financials,1,0
57,2023-09-28,2024-02-06,MCD,Consumer Discretionary,2,0
57,2023-09-28,2024-02-06,META,Communication Services,1,4
57,2023-09-28,2024-02-06,MS,Financials,0,1
57,2023-09-28,2024-02-06,MSFT,Information Technology,1,0
57,2023-09-28,2024-02-06,NEE,Utilities,0,5
57,2023-09-28,2024-02-06,NFLX,Communication Services,1,4
57,2023-09-28,2024-02-06,NKE,Consumer Discretionary,0,0
57,2023-09-28,2024-02-06,NVDA,Information Technology,1,4
57,2023-09-28,2024-02-06,ORCL,Information Technology,1,2
57,2023-09-28,2024-02-06,PEP,Consumer Staples,2,5
57,2023-09-28,2024-02-06,PFE,Health Care,3,3
57,2023-09-28,2024-02-06,PG,Consumer Staples,2,5
57,2023-09-28,2024-02-06,T,Communication Services,2,5
57,2023-09-28,2024-02-06,TSLA,Consumer Discretionary,0,1
57,2023-09-28,2024-02-06,UNH,Health Care,4,5
57,2023-09-28,2024-02-06,V,Financials,1,0
57,2023-09-28,2024-02-06,VZ,Communication Services,2,5
57,2023-09-28,2024-02-06,WMT,Consumer Staples,1,2
57,2023-09-28,2024-02-06,XOM,Energy,0,5
58,2023-10-12,2024-02-21,AAPL,Information Technology,1,0
58,2023-10-12,2024-02-21,AMD,Information Technology,1,0
58,2023-10-12,2024-02-21,AMT,Real Estate,4,5
58,2023-10-12,2024-02-21,AMZN,Consumer Discretionary,1,0
58,2023-10-12,2024-02-21,AVGO,Information Technology,1,0
58,2023-10-12,2024-02-21,BA,Industrials,5,2
58,2023-10-12,2024-02-21,BAC,Financials,4,2
58,2023-10-12,2024-02-21,BRK.B,Financials,4,5
58,2023-10-12,2024-02-21,CAT,Industrials,4,2
58,2023-10-12,2024-02-21,COST,Consumer Staples,1,4
58,2023-10-12,2024-02-21,CRM,Information Technology,1,0
58,2023-10-12,2024-02-21,CSCO,Information Technology,1,4
58,2023-10-12,2024-02-21,CVX,Energy,4,2
58,2023-10-12,2024-02-21,DIS,Communication Services,3,2
58,2023-10-12,2024-02-21,DUK,Utilities,4,5
58,2023-10-12,2024-02-21,GE,Industrials,1,3
58,2023-10-12,2024-02-21,GOOG,Communication Services,1,0
58,2023-10-12,2024-02-21,GOOGL,Communication Services,1,0
58,2023-10-12,2024-02-21,GS,Financials,4,2
58,2023-10-12,2024-02-21,HD,Consumer Discretionary,4,2
58,2023-10-12,2024-02-21,INTC,Information Technology,1,0
58,2023-10-12,2024-02-21,JNJ,Health Care,4,1
58,2023-10-12,2024-02-21,JPM,Financials,4,2
58,2023-10-12,2024-02-21,KO,Consumer Staples,2,5
58,2023-10-12,2024-02-21,LIN,Materials,4,1
58,2023-10-12,2024-02-21,LLY,Health Care,0,3
58,2023-10-12,2024-02-21,MA,Financials,1,3
58,2023-10-12,2024-02-21,MCD,Consumer Discretionary,2,3
58,2023-10-12,2024-02-21,META,Communication Services,1,0
58,2023-10-12,2024-02-21,MS,Financials,4,2
58,2023-10-12,2024-02-21,MSFT,Information Technology,1,0
58,2023-10-12,2024-02-21,NEE,Utilities,4,5
58,2023-10-12,2024-02-21,NFLX,Communication Services,1,0
58,2023-10-12,2024-02-21,NKE,Consumer Discretionary,4,3
58,2023-10-12,2024-02-21,NVDA,Information Technology,1,0
58,2023-10-12,2024-02-21,ORCL,Information Technology,1,0
58,2023-10-12,2024-02-21,PEP,Consumer Staples,2,5
58,2023-10-12,2024-02-21,PFE,Health Care,4,1
58,2023-10-12,2024-02-21,PG,Consumer Staples,2,5
58,2023-10-12,2024-02-21,T,Communication Services,2,5
58,2023-10-12,2024-02-21,TSLA,Consumer Discretionary,4,2
58,2023-10-12,2024-02-21,UNH,Health Care,0,1
58,2023-10-12,2024-02-21,V,Financials,1,3
58,2023-10-12,2024-02-21,VZ,Communication Services,2,5
58,2023-10-12,2024-02-21,WMT,Consumer Staples,1,4
58,2023-10-12,2024-02-21,XOM,Energy,4,2
59,2023-10-26,2024-03-06,AAPL,Information Technology,0,5
59,2023-10-26,2024-03-06,AMD,Information Technology,0,1
59,2023-10-26,2024-03-06,AMT,Real Estate,4,2
59,2023-10-26,2024-03-06,AMZN,Consumer Discretionary,0,1
59,2023-10-26,2024-03-06,AVGO,Information Technology,0,5
59,2023-10-26,2024-03-06,BA,Industrials,5,5
59,2023-10-26,2024-03-06,BAC,Financials,4,4
59,2023-10-26,2024-03-06,BRK.B,Financials,4,3
59,2023-10-26,2024-03-06,CAT,Industrials,4,4
59,2023-10-26,2024-03-06,COST,Consumer Staples,0,5
59,2023-10-26,2024-03-06,CRM,Information Technology,0,5
59,2023-10-26,2024-03-06,CSCO,Information Technology,0,5
59,2023-10-26,2024-03-06,CVX,Energy,4,4
59,2023-10-26,2024-03-06,DIS,Communication Services,3,0
59,2023-10-26,2024-03-06,DUK,Utilities,4,2
59,2023-10-26,2024-03-06,GE,Industrials,0,5
59,2023-10-26,2024-03-06,GOOG,Communication Services,0,1
59,2023-10-26,2024-03-06,GOOGL,Communication Services,0,1
59,2023-10-26,2024-03-06,GS,Financials,4,4
59,2023-10-26,2024-03-06,HD,Consumer Discretionary,4,2
59,2023-10-26,2024-03-06,INTC,Information Technology,0,5
59,2023-10-26,2024-03-06,JNJ,Health Care,4,3
59,2023-10-26,2024-03-06,JPM,Financials,4,4
59,2023-10-26,2024-03-06,KO,Consumer Staples,4,3
59,2023-10-26,2024-03-06,LIN,Materials,2,3
59,2023-10-26,2024-03-06,LLY,Health Care,1,5
59,2023-10-26,2024-03-06,MA,Financials,0,5
59,2023-10-26,2024-03-06,MCD,Consumer Discretionary,0,3
59,2023-10-26,2024-03-06,META,Communication Services,0,1
59,2023-10-26,2024-03-06,MS,Financials,4,4
59,2023-10-26,2024-03-06,MSFT,Information Technology,0,1
59,2023-10-26,2024-03-06,NEE,Utilities,4,2
59,2023-10-26,2024-03-06,NFLX,Communication Services,0,1
59,2023-10-26,2024-03-06,NKE,Consumer Discretionary,4,3
59,2023-10-26,2024-03-06,NVDA,Information Technology,0,1
59,2023-10-26,2024-03-06,ORCL,Information Technology,0,5
59,2023-10-26,2024-03-06,PEP,Consumer Staples,4,3
59,2023-10-26,2024-03-06,PFE,Health Care,2,3
59,2023-10-26,2024-03-06,PG,Consumer Staples,4,3
59,2023-10-26,2024-03-06,T,Communication Services,4,2
59,2023-10-26,2024-03-06,TSLA,Consumer Discretionary,4,5
59,2023-10-26,2024-03-06,UNH,Health Care,1,3
59,2023-10-26,2024-03-06,V,Financials,0,5
59,2023-10-26,2024-03-06,VZ,Communication Services,4,2
59,2023-10-26,2024-03-06,WMT,Consumer Staples,0,3
59,2023-10-26,2024-03-06,XOM,Energy,4,4
60,2023-11-09,2024-03-20,AAPL,Information Technology,1,5
60,2023-11-09,2024-03-20,AMD,Information Technology,1,2
60,2023-11-09,2024-03-20,AMT,Real Estate,2,4
60,2023-11-09,2024-03-20,AMZN,Consumer Discretionary,1,2
60,2023-11-09,2024-03-20,AVGO,Information Technology,1,2
60,2023-11-09,2024-03-20,BA,Industrials,3,1
60,2023-11-09,2024-03-20,BAC,Financials,2,1
60,2023-11-09,2024-03-20,BRK.B,Financials,0,4
60,2023-11-09,2024-03-20,CAT,Industrials,2,1
60,2023-11-09,2024-03-20,COST,Consumer Staples,1,2
60,2023-11-09,2024-03-20,CRM,Information Technology,1,2
60,2023-11-09,2024-03-20,CSCO,Information Technology,4,5
60,2023-11-09,2024-03-20,CVX,Energy,2,1
60,2023-11-09,2024-03-20,DIS,Communication Services,5,1
60,2023-11-09,2024-03-20,DUK,Utilities,2,4
60,2023-11-09,2024-03-20,GE,Industrials,1,2
60,2023-11-09,2024-03-20,GOOG,Communication Services,1,5
60,2023-11-09,2024-03-20,GOOGL,Communication Services,1,5
60,2023-11-09,2024-03-20,GS,Financials,2,1
60,2023-11-09,2024-03-20,HD,Consumer Discretionary,2,1
60,2023-11-09,2024-03-20,INTC,Information Technology,1,2
60,2023-11-09,2024-03-20,JNJ,Health Care,0,4
60,2023-11-09,2024-03-20,JPM,Financials,2,1
60,2023-11-09,2024-03-20,KO,Consumer Staples,0,4
60,2023-11-09,2024-03-20,LIN,Materials,0,3
60,2023-11-09,2024-03-20,LLY,Health Care,1,0
60,2023-11-09,2024-03-20,MA,Financials,0,2
60,2023-11-09,2024-03-20,MCD,Consumer Discretionary,0,4
60,2023-11-09,2024-03-20,META,Communication Services,1,2
60,2023-11-09,2024-03-20,MS,Financials,2,1
60,2023-11-09,2024-03-20,MSFT,Information Technology,1,2
60,2023-11-09,2024-03-20,NEE,Utilities,2,4
60,2023-11-09,2024-03-20,NFLX,Communication Services,1,2
60,2023-11-09,2024-03-20,NKE,Consumer Discretionary,2,1
60,2023-11-09,2024-03-20,NVDA,Information Technology,1,2
60,2023-11-09,2024-03-20,ORCL,Information Technology,1,2
60,2023-11-09,2024-03-20,PEP,Consumer Staples,0,4
60,2023-11-09,2024-03-20,PFE,Health Care,0,3
60,2023-11-09,2024-03-20,PG,Consumer Staples,0,4
60,2023-11-09,2024-03-20,T,Communication Services,2,3
60,2023-11-09,2024-03-20,TSLA,Consumer Discretionary,2,1
60,2023-11-09,2024-03-20,UNH,Health Care,0,0
60,2023-11-09,2024-03-20,V,Financials,0,2
60,2023-11-09,2024-03-20,VZ,Communication Services,2,3
60,2023-11-09,2024-03-20,WMT,Consumer Staples,4,4
60,2023-11-09,2024-03-20,XOM,Energy,2,1
61,2023-11-24,2024-04-04,AAPL,Information Technology,0,5
61,2023-11-24,2024-04-04,AMD,Information Technology,0,2
61,2023-11-24,2024-04-04,AMT,Real Estate,2,1
61,2023-11-24,2024-04-04,AMZN,Consumer Discretionary,0,2
61,2023-11-24,2024-04-04,AVGO,Information Technology,0,2
61,2023-11-24,2024-04-04,BA,Industrials,4,3
61,2023-11-24,2024-04-04,BAC,Financials,1,3
61,2023-11-24,2024-04-04,BRK.B,Financials,2,4
61,2023-11-24,2024-04-04,CAT,Industrials,1,3
61,2023-11-24,2024-04-04,COST,Consumer Staples,0,2
61,2023-11-24,2024-04-04,CRM,Information Technology,0,2
61,2023-11-24,2024-04-04,CSCO,Information Technology,0,5
61,2023-11-24,2024-04-04,CVX,Energy,1,0
61,2023-11-24,2024-04-04,DIS,Communication Services,1,1
61,2023-11-24,2024-04-04,DUK,Utilities,2,1
61,2023-11-24,2024-04-04,GE,Industrials,1,3
61,2023-11-24,2024-04-04,GOOG,Communication Services,0,5
61,2023-11-24,2024-04-04,GOOGL,Communication Services,0,5
61,2023-11-24,2024-04-04,GS,Financials,1,3
61,2023-11-24,2024-04-04,HD,Consumer Discretionary,1,3
61,2023-11-24,2024-04-04,INTC,Information Technology,0,2
61,2023-11-24,2024-04-04,JNJ,Health Care,2,4
61,2023-11-24,2024-04-04,JPM,Financials,1,3
61,2023-11-24,2024-04-04,KO,Consumer Staples,2,1
61,2023-11-24,2024-04-04,LIN,Materials,3,4
61,2023-11-24,2024-04-04,LLY,Health Care,0,2
61,2023-11-24,2024-04-04,MA,Financials,0,2
61,2023-11-24,2024-04-04,MCD,Consumer Discretionary,0,1
61,2023-11-24,2024-04-04,META,Communication Services,0,2
61,2023-11-24,2024-04-04,MS,Financials,1,3
61,2023-11-24,2024-04-04,MSFT,Information Technology,0,5
61,2023-11-24,2024-04-04,NEE,Utilities,2,1
61,2023-11-24,2024-04-04,NFLX,Communication Services,0,2
61,2023-11-24,2024-04-04,NKE,Consumer Discretionary,1,3
61,2023-11-24,2024-04-04,NVDA,Information Technology,0,2
61,2023-11-24,2024-04-04,ORCL,Information Technology,0,2
61,2023-11-24,2024-04-04,PEP,Consumer Staples,2,1
61,2023-11-24,2024-04-04,PFE,Health Care,3,4
61,2023-11-24,2024-04-04,PG,Consumer Staples,2,1
61,2023-11-24,2024-04-04,T,Communication Services,2,4
61,2023-11-24,2024-04-04,TSLA,Consumer Discretionary,5,3
61,2023-11-24,2024-04-04,UNH,Health Care,5,4
61,2023-11-24,2024-04-04,V,Financials,0,2
61,2023-11-24,2024-04-04,VZ,Communication Services,2,1
61,2023-11-24,2024-04-04,WMT,Consumer Staples,2,1
61,2023-11-24,2024-04-04,XOM,Energy,1,0
62,2023-12-08,2024-04-18,AAPL,Information Technology,0,0
62,2023-12-08,2024-04-18,AMD,Information Technology,0,3
62,2023-12-08,2024-04-18,AMT,Real Estate,5,5
62,2023-12-08,2024-04-18,AMZN,Consumer Discretionary,0,3
62,2023-12-08,2024-04-18,AVGO,Information Technology,0,3
62,2023-12-08,2024-04-18,BA,Industrials,3,2
62,2023-12-08,2024-04-18,BAC,Financials,2,2
62,2023-12-08,2024-04-18,BRK.B,Financials,5,5
62,2023-12-08,2024-04-18,CAT,Industrials,2,2
62,2023-12-08,2024-04-18,COST,Consumer Staples,0,3
62,2023-12-08,2024-04-18,CRM,Information Technology,0,3
62,2023-12-08,2024-04-18,CSCO,Information Technology,0,1
62,2023-12-08,2024-04-18,CVX,Energy,2,2
62,2023-12-08,2024-04-18,DIS,Communication Services,2,1
62,2023-12-08,2024-04-18,DUK,Utilities,5,5
62,2023-12-08,2024-04-18,GE,Industrials,0,3
62,2023-12-08,2024-04-18,GOOG,Communication Services,0,1
62,2023-12-08,2024-04-18,GOOGL,Communication Services,0,1
62,2023-12-08,2024-04-18,GS,Financials,2,2
62,2023-12-08,2024-04-18,HD,Consumer Discretionary,2,2
62,2023-12-08,2024-04-18,INTC,Information Technology,0,1
62,2023-12-08,2024-04-18,JNJ,Health Care,5,5
62,2023-12-08,2024-04-18,JPM,Financials,2,2
62,2023-12-08,2024-04-18,KO,Consumer Staples,5,5
62,2023-12-08,2024-04-18,LIN,Materials,1,1
62,2023-12-08,2024-04-18,LLY,Health Care,0,3
62,2023-12-08,2024-04-18,MA,Financials,0,0
62,2023-12-08,2024-04-18,MCD,Consumer Discretionary,0,4
62,2023-12-08,2024-04-18,META,Communication Services,0,3
62,2023-12-08,2024-04-18,MS,Financials,2,2
62,2023-12-08,2024-04-18,MSFT,Information Technology,0,3
62,2023-12-08,2024-04-18,NEE,Utilities,5,5
62,2023-12-08,2024-04-18,NFLX,Communication Services,0,3
62,2023-12-08,2024-04-18,NKE,Consumer Discretionary,0,0
62,2023-12-08,2024-04-18,NVDA,Information Technology,0,3
62,2023-12-08,2024-04-18,ORCL,Information Technology,0,3
62,2023-12-08,2024-04-18,PEP,Consumer Staples,5,5
62,2023-12-08,2024-04-18,PFE,Health Care,1,1
62,2023-12-08,2024-04-18,PG,Consumer Staples,5,5
62,2023-12-08,2024-04-18,T,Communication Services,5,5
62,2023-12-08,2024-04-18,TSLA,Consumer Discretionary,0,2
62,2023-12-08,2024-04-18,UNH,Health Care,4,4
62,2023-12-08,2024-04-18,V,Financials,0,0
62,2023-12-08,2024-04-18,VZ,Communication Services,5,5
62,2023-12-08,2024-04-18,WMT,Consumer Staples,5,4
62,2023-12-08,2024-04-18,XOM,Energy,2,2
63,2023-12-22,2024-05-02,AAPL,Information Technology,0,3
63,2023-12-22,2024-05-02,AMD,Information Technology,0,2
63,2023-12-22,2024-05-02,AMT,Real Estate,1,4
63,2023-12-22,2024-05-02,AMZN,Consumer Discretionary,0,2
63,2023-12-22,2024-05-02,AVGO,Information Technology,0,2
63,2023-12-22,2024-05-02,BA,Industrials,4,3
63,2023-12-22,2024-05-02,BAC,Financials,1,5
63,2023-12-22,2024-05-02,BRK.B,Financials,1,5
63,2023-12-22,2024-05-02,CAT,Industrials,0,5
63,2023-12-22,2024-05-02,COST,Consumer Staples,0,2
63,2023-12-22,2024-05-02,CRM,Information Technology,0,2
63,2023-12-22,2024-05-02,CSCO,Information Technology,0,5
63,2023-12-22,2024-05-02,CVX,Energy,2,0
63,2023-12-22,2024-05-02,DIS,Communication Services,2,0
63,2023-12-22,2024-05-02,DUK,Utilities,1,4
63,2023-12-22,2024-05-02,GE,Industrials,0,2
63,2023-12-22,2024-05-02,GOOG,Communication Services,0,3
63,2023-12-22,2024-05-02,GOOGL,Communication Services,0,3
63,2023-12-22,2024-05-02,GS,Financials,1,5
63,2023-12-22,2024-05-02,HD,Consumer Discretionary,1,5
63,2023-12-22,2024-05-02,INTC,Information Technology,0,2
63,2023-12-22,2024-05-02,JNJ,Health Care,1,4
63,2023-12-22,2024-05-02,JPM,Financials,1,5
63,2023-12-22,2024-05-02,KO,Consumer Staples,1,1
63,2023-12-22,2024-05-02,LIN,Materials,1,5
63,2023-12-22,2024-05-02,LLY,Health Care,3,2
63,2023-12-22,2024-05-02,MA,Financials,0,2
63,2023-12-22,2024-05-02,MCD,Consumer Discretionary,1,5
63,2023-12-22,2024-05-02,META,Communication Services,0,2
63,2023-12-22,2024-05-02,MS,Financials,1,5
63,2023-12-22,2024-05-02,MSFT,Information Technology,0,2
63,2023-12-22,2024-05-02,NEE,Utilities,1,4
63,2023-12-22,2024-05-02,NFLX,Communication Services,0,2
63,2023-12-22,2024-05-02,NKE,Consumer Discretionary,0,3
63,2023-12-22,2024-05-02,NVDA,Information Technology,0,2
63,2023-12-22,2024-05-02,ORCL,Information Technology,0,2
63,2023-12-22,2024-05-02,PEP,Consumer Staples,1,1
63,2023-12-22,2024-05-02,PFE,Health Care,1,4
63,2023-12-22,2024-05-02,PG,Consumer Staples,1,1
63,2023-12-22,2024-05-02,T,Communication Services,1,4
63,2023-12-22,2024-05-02,TSLA,Consumer Discretionary,0,3
63,2023-12-22,2024-05-02,UNH,Health Care,5,1
63,2023-12-22,2024-05-02,V,Financials,0,2
63,2023-12-22,2024-05-02,VZ,Communication Services,1,4
63,2023-12-22,2024-05-02,WMT,Consumer Staples,1,1
63,2023-12-22,2024-05-02,XOM,Energy,2,0
64,2024-01-09,2024-05-16,AAPL,Information Technology,4,0
64,2024-01-09,2024-05-16,AMD,Information Technology,2,3
64,2024-01-09,2024-05-16,AMT,Real Estate,3,5
64,2024-01-09,2024-05-16,AMZN,Consumer Discretionary,2,3
64,2024-01-09,2024-05-16,AVGO,Information Technology,2,3
64,2024-01-09,2024-05-16,BA,Industrials,1,0
64,2024-01-09,2024-05-16,BAC,Financials,3,2
64,2024-01-09,2024-05-16,BRK.B,Financials,3,2
64,2024-01-09,2024-05-16,CAT,Industrials,2,2
64,2024-01-09,2024-05-16,COST,Consumer Staples,2,3
64,2024-01-09,2024-05-16,CRM,Information Technology,2,3
64,2024-01-09,2024-05-16,CSCO,Information Technology,2,1
64,2024-01-09,2024-05-16,CVX,Energy,3,2
64,2024-01-09,2024-05-16,DIS,Communication Services,0,1
64,2024-01-09,2024-05-16,DUK,Utilities,3,5
64,2024-01-09,2024-05-16,GE,Industrials,2,3
64,2024-01-09,2024-05-16,GOOG,Communication Services,2,1
64,2024-01-09,2024-05-16,GOOGL,Communication Services,2,1
64,2024-01-09,2024-05-16,GS,Financials,3,2
64,2024-01-09,2024-05-16,HD,Consumer Discretionary,3,2
64,2024-01-09,2024-05-16,INTC,Information Technology,0,1
64,2024-01-09,2024-05-16,JNJ,Health Care,3,5
64,2024-01-09,2024-05-16,JPM,Financials,3,2
64,2024-01-09,2024-05-16,KO,Consumer Staples,5,5
64,2024-01-09,2024-05-16,LIN,Materials,3,2
64,2024-01-09,2024-05-16,LLY,Health Care,2,3
64,2024-01-09,2024-05-16,MA,Financials,2,3
64,2024-01-09,2024-05-16,MCD,Consumer Discretionary,5,2
64,2024-01-09,2024-05-16,META,Communication Services,2,3
64,2024-01-09,2024-05-16,MS,Financials,3,2
64,2024-01-09,2024-05-16,MSFT,Information Technology,2,3
64,2024-01-09,2024-05-16,NEE,Utilities,3,5
64,2024-01-09,2024-05-16,NFLX,Communication Services,2,3
64,2024-01-09,2024-05-16,NKE,Consumer Discretionary,2,1
64,2024-01-09,2024-05-16,NVDA,Information Technology,2,3
64,2024-01-09,2024-05-16,ORCL,Information Technology,2,3
64,2024-01-09,2024-05-16,PEP,Consumer Staples,5,4
64,2024-01-09,2024-05-16,PFE,Health Care,3,5
64,2024-01-09,2024-05-16,PG,Consumer Staples,5,5
64,2024-01-09,2024-05-16,T,Communication Services,3,5
64,2024-01-09,2024-05-16,TSLA,Consumer Discretionary,4,0
64,2024-01-09,2024-05-16,UNH,Health Care,1,4
64,2024-01-09,2024-05-16,V,Financials,2,3
64,2024-01-09,2024-05-16,VZ,Communication Services,3,5
64,2024-01-09,2024-05-16,WMT,Consumer Staples,5,4
64,2024-01-09,2024-05-16,XOM,Energy,3,2
65,2024-01-24,2024-05-31,AAPL,Information Technology,2,5
65,2024-01-24,2024-05-31,AMD,Information Technology,1,2
65,2024-01-24,2024-05-31,AMT,Real Estate,0,1
65,2024-01-24,2024-05-31,AMZN,Consumer Discretionary,1,5
65,2024-01-24,2024-05-31,AVGO,Information Technology,1,2
65,2024-01-24,2024-05-31,BA,Industrials,3,4
65,2024-01-24,2024-05-31,BAC,Financials,0,3
65,2024-01-24,2024-05-31,BRK.B,Financials,0,1
65,2024-01-24,2024-05-31,CAT,Industrials,1,2
65,2024-01-24,2024-05-31,COST,Consumer Staples,1,2
65,2024-01-24,2024-05-31,CRM,Information Technology,1,5
65,2024-01-24,2024-05-31,CSCO,Information Technology,1,5
65,2024-01-24,2024-05-31,CVX,Energy,0,0
65,2024-01-24,2024-05-31,DIS,Communication Services,0,0
65,2024-01-24,2024-05-31,DUK,Utilities,0,1
65,2024-01-24,2024-05-31,GE,Industrials,1,2
65,2024-01-24,2024-05-31,GOOG,Communication Services,1,5
65,2024-01-24,2024-05-31,GOOGL,Communication Services,1,5
65,2024-01-24,2024-05-31,GS,Financials,0,3
65,2024-01-24,2024-05-31,HD,Consumer Discretionary,0,3
65,2024-01-24,2024-05-31,INTC,Information Technology,4,1
65,2024-01-24,2024-05-31,JNJ,Health Care,0,1
65,2024-01-24,2024-05-31,JPM,Financials,0,3
65,2024-01-24,2024-05-31,KO,Consumer Staples,0,1
65,2024-01-24,2024-05-31,LIN,Materials,0,1
65,2024-01-24,2024-05-31,LLY,Health Care,1,2
65,2024-01-24,2024-05-31,MA,Financials,0,5
65,2024-01-24,2024-05-31,MCD,Consumer Discretionary,0,4
65,2024-01-24,2024-05-31,META,Communication Services,1,2
65,2024-01-24,2024-05-31,MS,Financials,0,3
65,2024-01-24,2024-05-31,MSFT,Information Technology,1,5
65,2024-01-24,2024-05-31,NEE,Utilities,0,1
65,2024-01-24,2024-05-31,NFLX,Communication Services,1,2
65,2024-01-24,2024-05-31,NKE,Consumer Discretionary,2,3
65,2024-01-24,2024-05-31,NVDA,Information Technology,1,2
65,2024-01-24,2024-05-31,ORCL,Information Technology,1,5
65,2024-01-24,2024-05-31,PEP,Consumer Staples,0,1
65,2024-01-24,2024-05-31,PFE,Health Care,0,4
65,2024-01-24,2024-05-31,PG,Consumer Staples,0,1
65,2024-01-24,2024-05-31,T,Communication Services,0,1
65,2024-01-24,2024-05-31,TSLA,Consumer Discretionary,2,0
65,2024-01-24,2024-05-31,UNH,Health Care,3,4
65,2024-01-24,2024-05-31,V,Financials,0,5
65,2024-01-24,2024-05-31,VZ,Communication Services,0,1
65,2024-01-24,2024-05-31,WMT,Consumer Staples,5,4
65,2024-01-24,2024-05-31,XOM,Energy,0,0
66,2024-02-07,2024-06-14,AAPL,Information Technology,3,5
66,2024-02-07,2024-06-14,AMD,Information Technology,1,2
66,2024-02-07,2024-06-14,AMT,Real Estate,2,1
66,2024-02-07,2024-06-14,AMZN,Consumer Discretionary,1,5
66,2024-02-07,2024-06-14,AVGO,Information Technology,1,2
66,2024-02-07,2024-06-14,BA,Industrials,0,3
66,2024-02-07,2024-06-14,BAC,Financials,2,3
66,2024-02-07,2024-06-14,BRK.B,Financials,2,1
66,2024-02-07,2024-06-14,CAT,Industrials,1,2
66,2024-02-07,2024-06-14,COST,Consumer Staples,1,2
66,2024-02-07,2024-06-14,CRM,Information Technology,1,5
66,2024-02-07,2024-06-14,CSCO,Information Technology,2,1
66,2024-02-07,2024-06-14,CVX,Energy,4,0
66,2024-02-07,2024-06-14,DIS,Communication Services,4,0
66,2024-02-07,2024-06-14,DUK,Utilities,2,1
66,2024-02-07,2024-06-14,GE,Industrials,1,2
66,2024-02-07,2024-06-14,GOOG,Communication Services,1,5
66,2024-02-07,2024-06-14,GOOGL,Communication Services,1,5
66,2024-02-07,2024-06-14,GS,Financials,2,3
66,2024-02-07,2024-06-14,HD,Consumer Discretionary,2,3
66,2024-02-07,2024-06-14,INTC,Information Technology,0,5
66,2024-02-07,2024-06-14,JNJ,Health Care,2,1
66,2024-02-07,2024-06-14,JPM,Financials,2,3
66,2024-02-07,2024-06-14,KO,Consumer Staples,2,1
66,2024-02-07,2024-06-14,LIN,Materials,5,1
66,2024-02-07,2024-06-14,LLY,Health Care,1,2
66,2024-02-07,2024-06-14,MA,Financials,1,5
66,2024-02-07,2024-06-14,MCD,Consumer Discretionary,2,4
66,2024-02-07,2024-06-14,META,Communication Services,1,2
66,2024-02-07,2024-06-14,MS,Financials,2,3
66,2024-02-07,2024-06-14,MSFT,Information Technology,1,5
66,2024-02-07,2024-06-14,NEE,Utilities,2,1
66,2024-02-07,2024-06-14,NFLX,Communication Services,1,2
66,2024-02-07,2024-06-14,NKE,Consumer Discretionary,2,3
66,2024-02-07,2024-06-14,NVDA,Information Technology,1,2
66,2024-02-07,2024-06-14,ORCL,Information Technology,1,5
66,2024-02-07,2024-06-14,PEP,Consumer Staples,2,4
66,2024-02-07,2024-06-14,PFE,Health Care,2,1
66,2024-02-07,2024-06-14,PG,Consumer Staples,2,4
66,2024-02-07,2024-06-14,T,Communication Services,2,1
66,2024-02-07,2024-06-14,TSLA,Consumer Discretionary,3,0
66,2024-02-07,2024-06-14,UNH,Health Care,2,4
66,2024-02-07,2024-06-14,V,Financials,1,5
66,2024-02-07,2024-06-14,VZ,Communication Services,2,1
66,2024-02-07,2024-06-14,WMT,Consumer Staples,0,4
66,2024-02-07,2024-06-14,XOM,Energy,4,0
67,2024-02-22,2024-07-01,AAPL,Information Technology,3,4
67,2024-02-22,2024-07-01,AMD,Information Technology,1,4
67,2024-02-22,2024-07-01,AMT,Real Estate,0,3
67,2024-02-22,2024-07-01,AMZN,Consumer Discretionary,1,1
67,2024-02-22,2024-07-01,AVGO,Information Technology,1,4
67,2024-02-22,2024-07-01,BA,Industrials,4,2
67,2024-02-22,2024-07-01,BAC,Financials,0,5
67,2024-02-22,2024-07-01,BRK.B,Financials,0,3
67,2024-02-22,2024-07-01,CAT,Industrials,1,1
67,2024-02-22,2024-07-01,COST,Consumer Staples,1,4
67,2024-02-22,2024-07-01,CRM,Information Technology,1,1
67,2024-02-22,2024-07-01,CSCO,Information Technology,0,3
67,2024-02-22,2024-07-01,CVX,Energy,0,0
67,2024-02-22,2024-07-01,DIS,Communication Services,4,3
67,2024-02-22,2024-07-01,DUK,Utilities,0,3
67,2024-02-22,2024-07-01,GE,Industrials,1,1
67,2024-02-22,2024-07-01,GOOG,Communication Services,1,1
67,2024-02-22,2024-07-01,GOOGL,Communication Services,1,1
67,2024-02-22,2024-07-01,GS,Financials,0,5
67,2024-02-22,2024-07-01,HD,Consumer Discretionary,0,5
67,2024-02-22,2024-07-01,INTC,Information Technology,4,4
67,2024-02-22,2024-07-01,JNJ,Health Care,0,2
67,2024-02-22,2024-07-01,JPM,Financials,0,5
67,2024-02-22,2024-07-01,KO,Consumer Staples,0,3
67,2024-02-22,2024-07-01,LIN,Materials,5,3
67,2024-02-22,2024-07-01,LLY,Health Care,1,1
67,2024-02-22,2024-07-01,MA,Financials,0,0
67,2024-02-22,2024-07-01,MCD,Consumer Discretionary,0,3
67,2024-02-22,2024-07-01,META,Communication Services,1,1
67,2024-02-22,2024-07-01,MS,Financials,0,5
67,2024-02-22,2024-07-01,MSFT,Information Technology,1,1
67,2024-02-22,2024-07-01,NEE,Utilities,0,3
67,2024-02-22,2024-07-01,NFLX,Communication Services,1,4
67,2024-02-22,2024-07-01,NKE,Consumer Discretionary,0,0
67,2024-02-22,2024-07-01,NVDA,Information Technology,1,4
67,2024-02-22,2024-07-01,ORCL,Information Technology,1,4
67,2024-02-22,2024-07-01,PEP,Consumer Staples,0,3
67,2024-02-22,2024-07-01,PFE,Health Care,0,2
67,2024-02-22,2024-07-01,PG,Consumer Staples,0,3
67,2024-02-22,2024-07-01,T,Communication Services,0,3
67,2024-02-22,2024-07-01,TSLA,Consumer Discretionary,3,4
67,2024-02-22,2024-07-01,UNH,Health Care,2,3
67,2024-02-22,2024-07-01,V,Financials,0,0
67,2024-02-22,2024-07-01,VZ,Communication Services,0,3
67,2024-02-22,2024-07-01,WMT,Consumer Staples,2,3
67,2024-02-22,2024-07-01,XOM,Energy,0,0
68,2024-03-07,2024-07-16,AAPL,Information Technology,0,4
68,2024-03-07,2024-07-16,AMD,Information Technology,0,4
68,2024-03-07,2024-07-16,AMT,Real Estate,1,2
68,2024-03-07,2024-07-16,AMZN,Consumer Discretionary,0,1
68,2024-03-07,2024-07-16,AVGO,Information Technology,0,4
68,2024-03-07,2024-07-16,BA,Industrials,4,2
68,2024-03-07,2024-07-16,BAC,Financials,2,5
68,2024-03-07,2024-07-16,BRK.B,Financials,2,5
68,2024-03-07,2024-07-16,CAT,Industrials,2,5
68,2024-03-07,2024-07-16,COST,Consumer Staples,0,1
68,2024-03-07,2024-07-16,CRM,Information Technology,2,0
68,2024-03-07,2024-07-16,CSCO,Information Technology,1,3
68,2024-03-07,2024-07-16,CVX,Energy,2,5
68,2024-03-07,2024-07-16,DIS,Communication Services,4,3
68,2024-03-07,2024-07-16,DUK,Utilities,1,3
68,2024-03-07,2024-07-16,GE,Industrials,0,1
68,2024-03-07,2024-07-16,GOOG,Communication Services,0,1
68,2024-03-07,2024-07-16,GOOGL,Communication Services,0,1
68,2024-03-07,2024-07-16,GS,Financials,2,5
68,2024-03-07,2024-07-16,HD,Consumer Discretionary,1,5
68,2024-03-07,2024-07-16,INTC,Information Technology,0,4
68,2024-03-07,2024-07-16,JNJ,Health Care,1,2
68,2024-03-07,2024-07-16,JPM,Financials,2,5
68,2024-03-07,2024-07-16,KO,Consumer Staples,1,3
68,2024-03-07,2024-07-16,LIN,Materials,1,3
68,2024-03-07,2024-07-16,LLY,Health Care,3,1
68,2024-03-07,2024-07-16,MA,Financials,2,0
68,2024-03-07,2024-07-16,MCD,Consumer Discretionary,1,3
68,2024-03-07,2024-07-16,META,Communication Services,0,1
68,2024-03-07,2024-07-16,MS,Financials,2,5
68,2024-03-07,2024-07-16,MSFT,Information Technology,0,1
68,2024-03-07,2024-07-16,NEE,Utilities,1,3
68,2024-03-07,2024-07-16,NFLX,Communication Services,0,1
68,2024-03-07,2024-07-16,NKE,Consumer Discretionary,4,0
68,2024-03-07,2024-07-16,NVDA,Information Technology,0,4
68,2024-03-07,2024-07-16,ORCL,Information Technology,0,4
68,2024-03-07,2024-07-16,PEP,Consumer Staples,1,3
68,2024-03-07,2024-07-16,PFE,Health Care,1,2
68,2024-03-07,2024-07-16,PG,Consumer Staples,1,3
68,2024-03-07,2024-07-16,T,Communication Services,1,3
68,2024-03-07,2024-07-16,TSLA,Consumer Discretionary,0,4
68,2024-03-07,2024-07-16,UNH,Health Care,1,3
68,2024-03-07,2024-07-16,V,Financials,2,0
68,2024-03-07,2024-07-16,VZ,Communication Services,1,3
68,2024-03-07,2024-07-16,WMT,Consumer Staples,5,3
68,2024-03-07,2024-07-16,XOM,Energy,2,5
69,2024-03-21,2024-07-30,AAPL,Information Technology,0,1
69,2024-03-21,2024-07-30,AMD,Information Technology,0,1
69,2024-03-21,2024-07-30,AMT,Real Estate,2,2
69,2024-03-21,2024-07-30,AMZN,Consumer Discretionary,0,1
69,2024-03-21,2024-07-30,AVGO,Information Technology,0,1
69,2024-03-21,2024-07-30,BA,Industrials,3,0
69,2024-03-21,2024-07-30,BAC,Financials,1,3
69,2024-03-21,2024-07-30,BRK.B,Financials,1,3
69,2024-03-21,2024-07-30,CAT,Industrials,1,3
69,2024-03-21,2024-07-30,COST,Consumer Staples,0,1
69,2024-03-21,2024-07-30,CRM,Information Technology,0,1
69,2024-03-21,2024-07-30,CSCO,Information Technology,2,2
69,2024-03-21,2024-07-30,CVX,Energy,2,4
69,2024-03-21,2024-07-30,DIS,Communication Services,3,0
69,2024-03-21,2024-07-30,DUK,Utilities,2,2
69,2024-03-21,2024-07-30,GE,Industrials,0,1
69,2024-03-21,2024-07-30,GOOG,Communication Services,0,1
69,2024-03-21,2024-07-30,GOOGL,Communication Services,0,1
69,2024-03-21,2024-07-30,GS,Financials,1,3
69,2024-03-21,2024-07-30,HD,Consumer Discretionary,1,3
69,2024-03-21,2024-07-30,INTC,Information Technology,0,1
69,2024-03-21,2024-07-30,JNJ,Health Care,2,2
69,2024-03-21,2024-07-30,JPM,Financials,1,3
69,2024-03-21,2024-07-30,KO,Consumer Staples,2,5
69,2024-03-21,2024-07-30,LIN,Materials,1,3
69,2024-03-21,2024-07-30,LLY,Health Care,4,1
69,2024-03-21,2024-07-30,MA,Financials,1,3
69,2024-03-21,2024-07-30,MCD,Consumer Discretionary,2,2
69,2024-03-21,2024-07-30,META,Communication Services,0,1
69,2024-03-21,2024-07-30,MS,Financials,1,3
69,2024-03-21,2024-07-30,MSFT,Information Technology,0,1
69,2024-03-21,2024-07-30,NEE,Utilities,2,2
69,2024-03-21,2024-07-30,NFLX,Communication Services,0,1
69,2024-03-21,2024-07-30,NKE,Consumer Discretionary,3,0
69,2024-03-21,2024-07-30,NVDA,Information Technology,0,1
69,2024-03-21,2024-07-30,ORCL,Information Technology,0,1
69,2024-03-21,2024-07-30,PEP,Consumer Staples,2,5
69,2024-03-21,2024-07-30,PFE,Health Care,2,2
69,2024-03-21,2024-07-30,PG,Consumer Staples,5,5
69,2024-03-21,2024-07-30,T,Communication Services,2,2
69,2024-03-21,2024-07-30,TSLA,Consumer Discretionary,0,1
69,2024-03-21,2024-07-30,UNH,Health Care,2,5
69,2024-03-21,2024-07-30,V,Financials,1,3
69,2024-03-21,2024-07-30,VZ,Communication Services,2,4
69,2024-03-21,2024-07-30,WMT,Consumer Staples,5,5
69,2024-03-21,2024-07-30,XOM,Energy,2,4
70,2024-04-05,2024-08-13,AAPL,Information Technology,3,4
70,2024-04-05,2024-08-13,AMD,Information Technology,3,4
70,2024-04-05,2024-08-13,AMT,Real Estate,1,2
70,2024-04-05,2024-08-13,AMZN,Consumer Discretionary,3,5
70,2024-04-05,2024-08-13,AVGO,Information Technology,3,4
70,2024-04-05,2024-08-13,BA,Industrials,0,1
70,2024-04-05,2024-08-13,BAC,Financials,0,1
70,2024-04-05,2024-08-13,BRK.B,Financials,0,0
70,2024-04-05,2024-08-13,CAT,Industrials,0,1
70,2024-04-05,2024-08-13,COST,Consumer Staples,3,5
70,2024-04-05,2024-08-13,CRM,Information Technology,0,5
70,2024-04-05,2024-08-13,CSCO,Information Technology,0,2
70,2024-04-05,2024-08-13,CVX,Energy,0,1
70,2024-04-05,2024-08-13,DIS,Communication Services,5,1
70,2024-04-05,2024-08-13,DUK,Utilities,1,3
70,2024-04-05,2024-08-13,GE,Industrials,3,4
70,2024-04-05,2024-08-13,GOOG,Communication Services,3,5
70,2024-04-05,2024-08-13,GOOGL,Communication Services,3,5
70,2024-04-05,2024-08-13,GS,Financials,0,1
70,2024-04-05,2024-08-13,HD,Consumer Discretionary,0,1
70,2024-04-05,2024-08-13,INTC,Information Technology,3,4
70,2024-04-05,2024-08-13,JNJ,Health Care,1,2
70,2024-04-05,2024-08-13,JPM,Financials,0,1
70,2024-04-05,2024-08-13,KO,Consumer Staples,1,3
70,2024-04-05,2024-08-13,LIN,Materials,0,0
70,2024-04-05,2024-08-13,LLY,Health Care,3,5
70,2024-04-05,2024-08-13,MA,Financials,0,0
70,2024-04-05,2024-08-13,MCD,Consumer Discretionary,1,3
70,2024-04-05,2024-08-13,META,Communication Services,3,5
70,2024-04-05,2024-08-13,MS,Financials,0,1
70,2024-04-05,2024-08-13,MSFT,Information Technology,3,5
70,2024-04-05,2024-08-13,NEE,Utilities,4,3
70,2024-04-05,2024-08-13,NFLX,Communication Services,3,4
70,2024-04-05,2024-08-13,NKE,Consumer Discretionary,4,0
70,2024-04-05,2024-08-13,NVDA,Information Technology,3,4
70,2024-04-05,2024-08-13,ORCL,Information Technology,3,4
70,2024-04-05,2024-08-13,PEP,Consumer Staples,1,3
70,2024-04-05,2024-08-13,PFE,Health Care,1,2
70,2024-04-05,2024-08-13,PG,Consumer Staples,1,3
70,2024-04-05,2024-08-13,T,Communication Services,1,3
70,2024-04-05,2024-08-13,TSLA,Consumer Discretionary,3,4
70,2024-04-05,2024-08-13,UNH,Health Care,1,3
70,2024-04-05,2024-08-13,V,Financials,0,0
70,2024-04-05,2024-08-13,VZ,Communication Services,1,2
70,2024-04-05,2024-08-13,WMT,Consumer Staples,2,3
70,2024-04-05,2024-08-13,XOM,Energy,0,1
71,2024-04-19,2024-08-27,AAPL,Information Technology,3,5
71,2024-04-19,2024-08-27,AMD,Information Technology,3,4
71,2024-04-19,2024-08-27,AMT,Real Estate,1,3
71,2024-04-19,2024-08-27,AMZN,Consumer Discretionary,3,5
71,2024-04-19,2024-08-27,AVGO,Information Technology,3,4
71,2024-04-19,2024-08-27,BA,Industrials,0,0
71,2024-04-19,2024-08-27,BAC,Financials,0,0
71,2024-04-19,2024-08-27,BRK.B,Financials,0,1
71,2024-04-19,2024-08-27,CAT,Industrials,0,0
71,2024-04-19,2024-08-27,COST,Consumer Staples,3,5
71,2024-04-19,2024-08-27,CRM,Information Technology,0,2
71,2024-04-19,2024-08-27,CSCO,Information Technology,4,0
71,2024-04-19,2024-08-27,CVX,Energy,0,0
71,2024-04-19,2024-08-27,DIS,Communication Services,0,0
71,2024-04-19,2024-08-27,DUK,Utilities,1,3
71,2024-04-19,2024-08-27,GE,Industrials,3,4
71,2024-04-19,2024-08-27,GOOG,Communication Services,3,5
71,2024-04-19,2024-08-27,GOOGL,Communication Services,3,5
71,2024-04-19,2024-08-27,GS,Financials,0,0
71,2024-04-19,2024-08-27,HD,Consumer Discretionary,0,0
71,2024-04-19,2024-08-27,INTC,Information Technology,3,4
71,2024-04-19,2024-08-27,JNJ,Health Care,1,3
71,2024-04-19,2024-08-27,JPM,Financials,0,0
71,2024-04-19,2024-08-27,KO,Consumer Staples,1,3
71,2024-04-19,2024-08-27,LIN,Materials,4,1
71,2024-04-19,2024-08-27,LLY,Health Care,5,2
71,2024-04-19,2024-08-27,MA,Financials,4,1
71,2024-04-19,2024-08-27,MCD,Consumer Discretionary,1,3
71,2024-04-19,2024-08-27,META,Communication Services,3,5
71,2024-04-19,2024-08-27,MS,Financials,0,0
71,2024-04-19,2024-08-27,MSFT,Information Technology,3,5
71,2024-04-19,2024-08-27,NEE,Utilities,1,3
71,2024-04-19,2024-08-27,NFLX,Communication Services,3,4
71,2024-04-19,2024-08-27,NKE,Consumer Discretionary,4,1
71,2024-04-19,2024-08-27,NVDA,Information Technology,3,4
71,2024-04-19,2024-08-27,ORCL,Information Technology,3,2
71,2024-04-19,2024-08-27,PEP,Consumer Staples,1,3
71,2024-04-19,2024-08-27,PFE,Health Care,1,3
71,2024-04-19,2024-08-27,PG,Consumer Staples,1,1
71,2024-04-19,2024-08-27,T,Communication Services,1,3
71,2024-04-19,2024-08-27,TSLA,Consumer Discretionary,3,4
71,2024-04-19,2024-08-27,UNH,Health Care,1,3
71,2024-04-19,2024-08-27,V,Financials,4,1
71,2024-04-19,2024-08-27,VZ,Communication Services,1,3
71,2024-04-19,2024-08-27,WMT,Consumer Staples,2,1
71,2024-04-19,2024-08-27,XOM,Energy,0,0
72,2024-05-03,2024-09-11,AAPL,Information Technology,1,4
72,2024-05-03,2024-09-11,AMD,Information Technology,1,1
72,2024-05-03,2024-09-11,AMT,Real Estate,3,2
72,2024-05-03,2024-09-11,AMZN,Consumer Discretionary,1,4
72,2024-05-03,2024-09-11,AVGO,Information Technology,1,4
72,2024-05-03,2024-09-11,BA,Industrials,0,3
72,2024-05-03,2024-09-11,BAC,Financials,0,3
72,2024-05-03,2024-09-11,BRK.B,Financials,0,5
72,2024-05-03,2024-09-11,CAT,Industrials,0,5
72,2024-05-03,2024-09-11,COST,Consumer Staples,1,4
72,2024-05-03,2024-09-11,CRM,Information Technology,5,5
72,2024-05-03,2024-09-11,CSCO,Information Technology,0,5
72,2024-05-03,2024-09-11,CVX,Energy,0,3
72,2024-05-03,2024-09-11,DIS,Communication Services,0,0
72,2024-05-03,2024-09-11,DUK,Utilities,3,2
72,2024-05-03,2024-09-11,GE,Industrials,1,4
72,2024-05-03,2024-09-11,GOOG,Communication Services,1,4
72,2024-05-03,2024-09-11,GOOGL,Communication Services,1,4
72,2024-05-03,2024-09-11,GS,Financials,0,3
72,2024-05-03,2024-09-11,HD,Consumer Discretionary,0,5
72,2024-05-03,2024-09-11,INTC,Information Technology,1,1
72,2024-05-03,2024-09-11,JNJ,Health Care,3,2
72,2024-05-03,2024-09-11,JPM,Financials,0,3
72,2024-05-03,2024-09-11,KO,Consumer Staples,3,2
72,2024-05-03,2024-09-11,LIN,Materials,0,5
72,2024-05-03,2024-09-11,LLY,Health Care,1,4
72,2024-05-03,2024-09-11,MA,Financials,0,5
72,2024-05-03,2024-09-11,MCD,Consumer Discretionary,3,2
72,2024-05-03,2024-09-11,META,Communication Services,1,4
72,2024-05-03,2024-09-11,MS,Financials,0,3
72,2024-05-03,2024-09-11,MSFT,Information Technology,1,4
72,2024-05-03,2024-09-11,NEE,Utilities,4,2
72,2024-05-03,2024-09-11,NFLX,Communication Services,1,4
72,2024-05-03,2024-09-11,NKE,Consumer Discretionary,0,0
72,2024-05-03,2024-09-11,NVDA,Information Technology,1,4
72,2024-05-03,2024-09-11,ORCL,Information Technology,1,4
72,2024-05-03,2024-09-11,PEP,Consumer Staples,3,2
72,2024-05-03,2024-09-11,PFE,Health Care,3,2
72,2024-05-03,2024-09-11,PG,Consumer Staples,3,2
72,2024-05-03,2024-09-11,T,Communication Services,3,2
72,2024-05-03,2024-09-11,TSLA,Consumer Discretionary,1,1
72,2024-05-03,2024-09-11,UNH,Health Care,3,2
72,2024-05-03,2024-09-11,V,Financials,0,5
72,2024-05-03,2024-09-11,VZ,Communication Services,3,2
72,2024-05-03,2024-09-11,WMT,Consumer Staples,2,0
72,2024-05-03,2024-09-11,XOM,Energy,0,3
73,2024-05-17,2024-09-25,AAPL,Information Technology,2,2
73,2024-05-17,2024-09-25,AMD,Information Technology,2,2
73,2024-05-17,2024-09-25,AMT,Real Estate,4,3
73,2024-05-17,2024-09-25,AMZN,Consumer Discretionary,2,2
73,2024-05-17,2024-09-25,AVGO,Information Technology,2,2
73,2024-05-17,2024-09-25,BA,Industrials,1,4
73,2024-05-17,2024-09-25,BAC,Financials,1,4
73,2024-05-17,2024-09-25,BRK.B,Financials,1,5
73,2024-05-17,2024-09-25,CAT,Industrials,1,4
73,2024-05-17,2024-09-25,COST,Consumer Staples,2,2
73,2024-05-17,2024-09-25,CRM,Information Technology,1,4
73,2024-05-17,2024-09-25,CSCO,Information Technology,0,1
73,2024-05-17,2024-09-25,CVX,Energy,1,4
73,2024-05-17,2024-09-25,DIS,Communication Services,0,1
73,2024-05-17,2024-09-25,DUK,Utilities,4,3
73,2024-05-17,2024-09-25,GE,Industrials,2,2
73,2024-05-17,2024-09-25,GOOG,Communication Services,2,2
73,2024-05-17,2024-09-25,GOOGL,Communication Services,2,2
73,2024-05-17,2024-09-25,GS,Financials,1,4
73,2024-05-17,2024-09-25,HD,Consumer Discretionary,1,1
73,2024-05-17,2024-09-25,INTC,Information Technology,2,2
73,2024-05-17,2024-09-25,JNJ,Health Care,4,3
73,2024-05-17,2024-09-25,JPM,Financials,1,4
73,2024-05-17,2024-09-25,KO,Consumer Staples,4,3
73,2024-05-17,2024-09-25,LIN,Materials,1,5
73,2024-05-17,2024-09-25,LLY,Health Care,2,2
73,2024-05-17,2024-09-25,MA,Financials,0,5
73,2024-05-17,2024-09-25,MCD,Consumer Discretionary,4,1
73,2024-05-17,2024-09-25,META,Communication Services,2,2
73,2024-05-17,2024-09-25,MS,Financials,1,4
73,2024-05-17,2024-09-25,MSFT,Information Technology,2,2
73,2024-05-17,2024-09-25,NEE,Utilities,3,1
73,2024-05-17,2024-09-25,NFLX,Communication Services,2,2
73,2024-05-17,2024-09-25,NKE,Consumer Discretionary,0,1
73,2024-05-17,2024-09-25,NVDA,Information Technology,2,2
73,2024-05-17,2024-09-25,ORCL,Information Technology,2,2
73,2024-05-17,2024-09-25,PEP,Consumer Staples,4,3
73,2024-05-17,2024-09-25,PFE,Health Care,4,3
73,2024-05-17,2024-09-25,PG,Consumer Staples,4,0
73,2024-05-17,2024-09-25,T,Communication Services,4,0
73,2024-05-17,2024-09-25,TSLA,Consumer Discretionary,2,2
73,2024-05-17,2024-09-25,UNH,Health Care,4,3
73,2024-05-17,2024-09-25,V,Financials,0,5
73,2024-05-17,2024-09-25,VZ,Communication Services,4,0
73,2024-05-17,2024-09-25,WMT,Consumer Staples,5,1
73,2024-05-17,2024-09-25,XOM,Energy,1,4
74,2024-06-03,2024-10-09,AAPL,Information Technology,2,2
74,2024-06-03,2024-10-09,AMD,Information Technology,2,5
74,2024-06-03,2024-10-09,AMT,Real Estate,0,1
74,2024-06-03,2024-10-09,AMZN,Consumer Discretionary,2,2
74,2024-06-03,2024-10-09,AVGO,Information Technology,2,5
74,2024-06-03,2024-10-09,BA,Industrials,3,3
74,2024-06-03,2024-10-09,BAC,Financials,3,3
74,2024-06-03,2024-10-09,BRK.B,Financials,3,4
74,2024-06-03,2024-10-09,CAT,Industrials,3,3
74,2024-06-03,2024-10-09,COST,Consumer Staples,2,2
74,2024-06-03,2024-10-09,CRM,Information Technology,3,5
74,2024-06-03,2024-10-09,CSCO,Information Technology,1,0
74,2024-06-03,2024-10-09,CVX,Energy,3,3
74,2024-06-03,2024-10-09,DIS,Communication Services,1,0
74,2024-06-03,2024-10-09,DUK,Utilities,0,1
74,2024-06-03,2024-10-09,GE,Industrials,2,5
74,2024-06-03,2024-10-09,GOOG,Communication Services,2,2
74,2024-06-03,2024-10-09,GOOGL,Communication Services,2,2
74,2024-06-03,2024-10-09,GS,Financials,3,3
74,2024-06-03,2024-10-09,HD,Consumer Discretionary,1,0
74,2024-06-03,2024-10-09,INTC,Information Technology,2,5
74,2024-06-03,2024-10-09,JNJ,Health Care,0,1
74,2024-06-03,2024-10-09,JPM,Financials,3,3
74,2024-06-03,2024-10-09,KO,Consumer Staples,0,1
74,2024-06-03,2024-10-09,LIN,Materials,1,4
74,2024-06-03,2024-10-09,LLY,Health Care,2,2
74,2024-06-03,2024-10-09,MA,Financials,1,4
74,2024-06-03,2024-10-09,MCD,Consumer Discretionary,0,1
74,2024-06-03,2024-10-09,META,Communication Services,2,2
74,2024-06-03,2024-10-09,MS,Financials,3,3
74,2024-06-03,2024-10-09,MSFT,Information Technology,2,2
74,2024-06-03,2024-10-09,NEE,Utilities,0,1
74,2024-06-03,2024-10-09,NFLX,Communication Services,2,2
74,2024-06-03,2024-10-09,NKE,Consumer Discretionary,1,0
74,2024-06-03,2024-10-09,NVDA,Information Technology,2,5
74,2024-06-03,2024-10-09,ORCL,Information Technology,2,5
74,2024-06-03,2024-10-09,PEP,Consumer Staples,0,1
74,2024-06-03,2024-10-09,PFE,Health Care,4,3
74,2024-06-03,2024-10-09,PG,Consumer Staples,0,1
74,2024-06-03,2024-10-09,T,Communication Services,0,1
74,2024-06-03,2024-10-09,TSLA,Consumer Discretionary,2,5
74,2024-06-03,2024-10-09,UNH,Health Care,0,1
74,2024-06-03,2024-10-09,V,Financials,1,4
74,2024-06-03,2024-10-09,VZ,Communication Services,0,1
74,2024-06-03,2024-10-09,WMT,Consumer Staples,5,0
74,2024-06-03,2024-10-09,XOM,Energy,3,3
75,2024-06-17,2024-10-23,AAPL,Information Technology,3,0
75,2024-06-17,2024-10-23,AMD,Information Technology,3,4
75,2024-06-17,2024-10-23,AMT,Real Estate,0,2
75,2024-06-17,2024-10-23,AMZN,Consumer Discretionary,3,0
75,2024-06-17,2024-10-23,AVGO,Information Technology,3,4
75,2024-06-17,2024-10-23,BA,Industrials,2,1
75,2024-06-17,2024-10-23,BAC,Financials,2,1
75,2024-06-17,2024-10-23,BRK.B,Financials,2,1
75,2024-06-17,2024-10-23,CAT,Industrials,2,1
75,2024-06-17,2024-10-23,COST,Consumer Staples,3,0
75,2024-06-17,2024-10-23,CRM,Information Technology,3,4
75,2024-06-17,2024-10-23,CSCO,Information Technology,1,5
75,2024-06-17,2024-10-23,CVX,Energy,2,1
75,2024-06-17,2024-10-23,DIS,Communication Services,1,5
75,2024-06-17,2024-10-23,DUK,Utilities,0,2
75,2024-06-17,2024-10-23,GE,Industrials,3,4
75,2024-06-17,2024-10-23,GOOG,Communication Services,3,0
75,2024-06-17,2024-10-23,GOOGL,Communication Services,3,0
75,2024-06-17,2024-10-23,GS,Financials,2,1
75,2024-06-17,2024-10-23,HD,Consumer Discretionary,1,5
75,2024-06-17,2024-10-23,INTC,Information Technology,3,4
75,2024-06-17,2024-10-23,JNJ,Health Care,0,3
75,2024-06-17,2024-10-23,JPM,Financials,2,1
75,2024-06-17,2024-10-23,KO,Consumer Staples,0,3
75,2024-06-17,2024-10-23,LIN,Materials,1,5
75,2024-06-17,2024-10-23,LLY,Health Care,3,0
75,2024-06-17,2024-10-23,MA,Financials,1,5
75,2024-06-17,2024-10-23,MCD,Consumer Discretionary,1,5
75,2024-06-17,2024-10-23,META,Communication Services,3,0
75,2024-06-17,2024-10-23,MS,Financials,2,1
75,2024-06-17,2024-10-23,MSFT,Information Technology,3,0
75,2024-06-17,2024-10-23,NEE,Utilities,0,2
75,2024-06-17,2024-10-23,NFLX,Communication Services,3,0
75,2024-06-17,2024-10-23,NKE,Consumer Discretionary,1,5
75,2024-06-17,2024-10-23,NVDA,Information Technology,3,4
75,2024-06-17,2024-10-23,ORCL,Information Technology,3,4
75,2024-06-17,2024-10-23,PEP,Consumer Staples,0,3
75,2024-06-17,2024-10-23,PFE,Health Care,0,2
75,2024-06-17,2024-10-23,PG,Consumer Staples,0,3
75,2024-06-17,2024-10-23,T,Communication Services,0,2
75,2024-06-17,2024-10-23,TSLA,Consumer Discretionary,3,0
75,2024-06-17,2024-10-23,UNH,Health Care,4,3
75,2024-06-17,2024-10-23,V,Financials,1,5
75,2024-06-17,2024-10-23,VZ,Communication Services,0,2
75,2024-06-17,2024-10-23,WMT,Consumer Staples,5,5
75,2024-06-17,2024-10-23,XOM,Energy,2,1
76,2024-07-02,2024-11-06,AAPL,Information Technology,2,3
76,2024-07-02,2024-11-06,AMD,Information Technology,2,3
76,2024-07-02,2024-11-06,AMT,Real Estate,4,2
76,2024-07-02,2024-11-06,AMZN,Consumer Discretionary,2,3
76,2024-07-02,2024-11-06,AVGO,Information Technology,2,3
76,2024-07-02,2024-11-06,BA,Industrials,1,3
76,2024-07-02,2024-11-06,BAC,Financials,1,0
76,2024-07-02,2024-11-06,BRK.B,Financials,1,0
76,2024-07-02,2024-11-06,CAT,Industrials,1,0
76,2024-07-02,2024-11-06,COST,Consumer Staples,2,1
76,2024-07-02,2024-11-06,CRM,Information Technology,2,3
76,2024-07-02,2024-11-06,CSCO,Information Technology,1,0
76,2024-07-02,2024-11-06,CVX,Energy,1,4
76,2024-07-02,2024-11-06,DIS,Communication Services,1,0
76,2024-07-02,2024-11-06,DUK,Utilities,4,2
76,2024-07-02,2024-11-06,GE,Industrials,2,3
76,2024-07-02,2024-11-06,GOOG,Communication Services,2,3
76,2024-07-02,2024-11-06,GOOGL,Communication Services,2,3
76,2024-07-02,2024-11-06,GS,Financials,1,0
76,2024-07-02,2024-11-06,HD,Consumer Discretionary,0,1
76,2024-07-02,2024-11-06,INTC,Information Technology,2,3
76,2024-07-02,2024-11-06,JNJ,Health Care,4,5
76,2024-07-02,2024-11-06,JPM,Financials,1,0
76,2024-07-02,2024-11-06,KO,Consumer Staples,4,2
76,2024-07-02,2024-11-06,LIN,Materials,1,1
76,2024-07-02,2024-11-06,LLY,Health Care,2,1
76,2024-07-02,2024-11-06,MA,Financials,1,1
76,2024-07-02,2024-11-06,MCD,Consumer Discretionary,0,2
76,2024-07-02,2024-11-06,META,Communication Services,2,3
76,2024-07-02,2024-11-06,MS,Financials,1,0
76,2024-07-02,2024-11-06,MSFT,Information Technology,2,3
76,2024-07-02,2024-11-06,NEE,Utilities,4,2
76,2024-07-02,2024-11-06,NFLX,Communication Services,2,3
76,2024-07-02,2024-11-06,NKE,Consumer Discretionary,0,1
76,2024-07-02,2024-11-06,NVDA,Information Technology,2,3
76,2024-07-02,2024-11-06,ORCL,Information Technology,2,3
76,2024-07-02,2024-11-06,PEP,Consumer Staples,4,2
76,2024-07-02,2024-11-06,PFE,Health Care,0,5
76,2024-07-02,2024-11-06,PG,Consumer Staples,4,2
76,2024-07-02,2024-11-06,T,Communication Services,4,5
76,2024-07-02,2024-11-06,TSLA,Consumer Discretionary,2,3
76,2024-07-02,2024-11-06,UNH,Health Care,5,4
76,2024-07-02,2024-11-06,V,Financials,1,1
76,2024-07-02,2024-11-06,VZ,Communication Services,4,5
76,2024-07-02,2024-11-06,WMT,Consumer Staples,3,1
76,2024-07-02,2024-11-06,XOM,Energy,1,4
77,2024-07-17,2024-11-20,AAPL,Information Technology,0,3
77,2024-07-17,2024-11-20,AMD,Information Technology,0,4
77,2024-07-17,2024-11-20,AMT,Real Estate,1,2
77,2024-07-17,2024-11-20,AMZN,Consumer Discretionary,0,4
77,2024-07-17,2024-11-20,AVGO,Information Technology,0,4
77,2024-07-17,2024-11-20,BA,Industrials,0,4
77,2024-07-17,2024-11-20,BAC,Financials,0,5
77,2024-07-17,2024-11-20,BRK.B,Financials,0,5
77,2024-07-17,2024-11-20,CAT,Industrials,0,5
77,2024-07-17,2024-11-20,COST,Consumer Staples,0,3
77,2024-07-17,2024-11-20,CRM,Information Technology,0,4
77,2024-07-17,2024-11-20,CSCO,Information Technology,0,1
77,2024-07-17,2024-11-20,CVX,Energy,0,0
77,2024-07-17,2024-11-20,DIS,Communication Services,0,5
77,2024-07-17,2024-11-20,DUK,Utilities,1,2
77,2024-07-17,2024-11-20,GE,Industrials,0,4
77,2024-07-17,2024-11-20,GOOG,Communication Services,0,4
77,2024-07-17,2024-11-20,GOOGL,Communication Services,0,4
77,2024-07-17,2024-11-20,GS,Financials,0,5
77,2024-07-17,2024-11-20,HD,Consumer Discretionary,3,4
77,2024-07-17,2024-11-20,INTC,Information Technology,0,4
77,2024-07-17,2024-11-20,JNJ,Health Care,1,2
77,2024-07-17,2024-11-20,JPM,Financials,0,5
77,2024-07-17,2024-11-20,KO,Consumer Staples,1,2
77,2024-07-17,2024-11-20,LIN,Materials,0,1
77,2024-07-17,2024-11-20,LLY,Health Care,0,3
77,2024-07-17,2024-11-20,MA,Financials,0,1
77,2024-07-17,2024-11-20,MCD,Consumer Discretionary,3,1
77,2024-07-17,2024-11-20,META,Communication Services,0,4
77,2024-07-17,2024-11-20,MS,Financials,0,5
77,2024-07-17,2024-11-20,MSFT,Information Technology,0,4
77,2024-07-17,2024-11-20,NEE,Utilities,1,2
77,2024-07-17,2024-11-20,NFLX,Communication Services,0,4
77,2024-07-17,2024-11-20,NKE,Consumer Discretionary,3,1
77,2024-07-17,2024-11-20,NVDA,Information Technology,0,4
77,2024-07-17,2024-11-20,ORCL,Information Technology,0,4
77,2024-07-17,2024-11-20,PEP,Consumer Staples,1,2
77,2024-07-17,2024-11-20,PFE,Health Care,5,2
77,2024-07-17,2024-11-20,PG,Consumer Staples,1,2
77,2024-07-17,2024-11-20,T,Communication Services,1,2
77,2024-07-17,2024-11-20,TSLA,Consumer Discretionary,0,4
77,2024-07-17,2024-11-20,UNH,Health Care,2,1
77,2024-07-17,2024-11-20,V,Financials,0,1
77,2024-07-17,2024-11-20,VZ,Communication Services,1,2
77,2024-07-17,2024-11-20,WMT,Consumer Staples,4,3
77,2024-07-17,2024-11-20,XOM,Energy,0,0
78,2024-07-31,2024-12-05,AAPL,Information Technology,0,3
78,2024-07-31,2024-12-05,AMD,Information Technology,0,4
78,2024-07-31,2024-12-05,AMT,Real Estate,3,2
78,2024-07-31,2024-12-05,AMZN,Consumer Discretionary,0,4
78,2024-07-31,2024-12-05,AVGO,Information Technology,0,4
78,2024-07-31,2024-12-05,BA,Industrials,0,4
78,2024-07-31,2024-12-05,BAC,Financials,0,5
78,2024-07-31,2024-12-05,BRK.B,Financials,0,5
78,2024-07-31,2024-12-05,CAT,Industrials,0,5
78,2024-07-31,2024-12-05,COST,Consumer Staples,4,3
78,2024-07-31,2024-12-05,CRM,Information Technology,0,4
78,2024-07-31,2024-12-05,CSCO,Information Technology,0,1
78,2024-07-31,2024-12-05,CVX,Energy,0,0
78,2024-07-31,2024-12-05,DIS,Communication Services,0,5
78,2024-07-31,2024-12-05,DUK,Utilities,3,2
78,2024-07-31,2024-12-05,GE,Industrials,0,5
78,2024-07-31,2024-12-05,GOOG,Communication Services,0,4
78,2024-07-31,2024-12-05,GOOGL,Communication Services,0,4
78,2024-07-31,2024-12-05,GS,Financials,0,5
78,2024-07-31,2024-12-05,HD,Consumer Discretionary,1,3
78,2024-07-31,2024-12-05,INTC,Information Technology,0,4
78,2024-07-31,2024-12-05,JNJ,Health Care,3,2
78,2024-07-31,2024-12-05,JPM,Financials,0,5
78,2024-07-31,2024-12-05,KO,Consumer Staples,3,2
78,2024-07-31,2024-12-05,LIN,Materials,0,1
78,2024-07-31,2024-12-05,LLY,Health Care,4,3
78,2024-07-31,2024-12-05,MA,Financials,0,1
78,2024-07-31,2024-12-05,MCD,Consumer Discretionary,1,2
78,2024-07-31,2024-12-05,META,Communication Services,0,4
78,2024-07-31,2024-12-05,MS,Financials,0,5
78,2024-07-31,2024-12-05,MSFT,Information Technology,0,4
78,2024-07-31,2024-12-05,NEE,Utilities,3,2
78,2024-07-31,2024-12-05,NFLX,Communication Services,0,4
78,2024-07-31,2024-12-05,NKE,Consumer Discretionary,1,1
78,2024-07-31,2024-12-05,NVDA,Information Technology,0,4
78,2024-07-31,2024-12-05,ORCL,Information Technology,0,4
78,2024-07-31,2024-12-05,PEP,Consumer Staples,3,2
78,2024-07-31,2024-12-05,PFE,Health Care,5,2
78,2024-07-31,2024-12-05,PG,Consumer Staples,3,2
78,2024-07-31,2024-12-05,T,Communication Services,3,2
78,2024-07-31,2024-12-05,TSLA,Consumer Discretionary,0,4
78,2024-07-31,2024-12-05,UNH,Health Care,2,1
78,2024-07-31,2024-12-05,V,Financials,0,1
78,2024-07-31,2024-12-05,VZ,Communication Services,3,2
78,2024-07-31,2024-12-05,WMT,Consumer Staples,4,3
78,2024-07-31,2024-12-05,XOM,Energy,0,0
79,2024-08-14,2024-12-19,AAPL,Information Technology,1,3
79,2024-08-14,2024-12-19,AMD,Information Technology,1,3
79,2024-08-14,2024-12-19,AMT,Real Estate,0,2
79,2024-08-14,2024-12-19,AMZN,Consumer Discretionary,1,3
79,2024-08-14,2024-12-19,AVGO,Information Technology,1,3
79,2024-08-14,2024-12-19,BA,Industrials,5,0
79,2024-08-14,2024-12-19,BAC,Financials,4,1
79,2024-08-14,2024-12-19,BRK.B,Financials,4,1
79,2024-08-14,2024-12-19,CAT,Industrials,4,1
79,2024-08-14,2024-12-19,COST,Consumer Staples,1,5
79,2024-08-14,2024-12-19,CRM,Information Technology,1,3
79,2024-08-14,2024-12-19,CSCO,Information Technology,1,1
79,2024-08-14,2024-12-19,CVX,Energy,4,4
79,2024-08-14,2024-12-19,DIS,Communication Services,4,1
79,2024-08-14,2024-12-19,DUK,Utilities,0,2
79,2024-08-14,2024-12-19,GE,Industrials,1,5
79,2024-08-14,2024-12-19,GOOG,Communication Services,1,0
79,2024-08-14,2024-12-19,GOOGL,Communication Services,1,0
79,2024-08-14,2024-12-19,GS,Financials,4,1
79,2024-08-14,2024-12-19,HD,Consumer Discretionary,0,2
79,2024-08-14,2024-12-19,INTC,Information Technology,1,3
79,2024-08-14,2024-12-19,JNJ,Health Care,0,2
79,2024-08-14,2024-12-19,JPM,Financials,4,1
79,2024-08-14,2024-12-19,KO,Consumer Staples,0,2
79,2024-08-14,2024-12-19,LIN,Materials,1,3
79,2024-08-14,2024-12-19,LLY,Health Care,1,5
79,2024-08-14,2024-12-19,MA,Financials,4,1
79,2024-08-14,2024-12-19,MCD,Consumer Discretionary,1,1
79,2024-08-14,2024-12-19,META,Communication Services,1,3
79,2024-08-14,2024-12-19,MS,Financials,4,1
79,2024-08-14,2024-12-19,MSFT,Information Technology,1,3
79,2024-08-14,2024-12-19,NEE,Utilities,0,2
79,2024-08-14,2024-12-19,NFLX,Communication Services,1,3
79,2024-08-14,2024-12-19,NKE,Consumer Discretionary,3,1
79,2024-08-14,2024-12-19,NVDA,Information Technology,1,3
79,2024-08-14,2024-12-19,ORCL,Information Technology,1,3
79,2024-08-14,2024-12-19,PEP,Consumer Staples,0,2
79,2024-08-14,2024-12-19,PFE,Health Care,0,2
79,2024-08-14,2024-12-19,PG,Consumer Staples,0,2
79,2024-08-14,2024-12-19,T,Communication Services,0,2
79,2024-08-14,2024-12-19,TSLA,Consumer Discretionary,1,0
79,2024-08-14,2024-12-19,UNH,Health Care,2,4
79,2024-08-14,2024-12-19,V,Financials,4,1
79,2024-08-14,2024-12-19,VZ,Communication Services,0,2
79,2024-08-14,2024-12-19,WMT,Consumer Staples,1,5
79,2024-08-14,2024-12-19,XOM,Energy,4,4
80,2024-08-28,2025-01-06,AAPL,Information Technology,1,1
80,2024-08-28,2025-01-06,AMD,Information Technology,1,1
80,2024-08-28,2025-01-06,AMT,Real Estate,0,2
80,2024-08-28,2025-01-06,AMZN,Consumer Discretionary,1,1
80,2024-08-28,2025-01-06,AVGO,Information Technology,1,1
80,2024-08-28,2025-01-06,BA,Industrials,3,1
80,2024-08-28,2025-01-06,BAC,Financials,2,3
80,2024-08-28,2025-01-06,BRK.B,Financials,2,3
80,2024-08-28,2025-01-06,CAT,Industrials,2,3
80,2024-08-28,2025-01-06,COST,Consumer Staples,1,1
80,2024-08-28,2025-01-06,CRM,Information Technology,1,3
80,2024-08-28,2025-01-06,CSCO,Information Technology,2,3
80,2024-08-28,2025-01-06,CVX,Energy,2,4
80,2024-08-28,2025-01-06,DIS,Communication Services,2,0
80,2024-08-28,2025-01-06,DUK,Utilities,0,2
80,2024-08-28,2025-01-06,GE,Industrials,1,3
80,2024-08-28,2025-01-06,GOOG,Communication Services,1,1
80,2024-08-28,2025-01-06,GOOGL,Communication Services,1,1
80,2024-08-28,2025-01-06,GS,Financials,2,3
80,2024-08-28,2025-01-06,HD,Consumer Discretionary,0,2
80,2024-08-28,2025-01-06,INTC,Information Technology,2,3
80,2024-08-28,2025-01-06,JNJ,Health Care,0,2
80,2024-08-28,2025-01-06,JPM,Financials,2,3
80,2024-08-28,2025-01-06,KO,Consumer Staples,0,5
80,2024-08-28,2025-01-06,LIN,Materials,2,3
80,2024-08-28,2025-01-06,LLY,Health Care,1,1
80,2024-08-28,2025-01-06,MA,Financials,2,3
80,2024-08-28,2025-01-06,MCD,Consumer Discretionary,0,5
80,2024-08-28,2025-01-06,META,Communication Services,1,1
80,2024-08-28,2025-01-06,MS,Financials,2,3
80,2024-08-28,2025-01-06,MSFT,Information Technology,1,1
80,2024-08-28,2025-01-06,NEE,Utilities,0,2
80,2024-08-28,2025-01-06,NFLX,Communication Services,1,1
80,2024-08-28,2025-01-06,NKE,Consumer Discretionary,4,0
80,2024-08-28,2025-01-06,NVDA,Information Technology,1,1
80,2024-08-28,2025-01-06,ORCL,Information Technology,1,3
80,2024-08-28,2025-01-06,PEP,Consumer Staples,0,5
80,2024-08-28,2025-01-06,PFE,Health Care,0,2
80,2024-08-28,2025-01-06,PG,Consumer Staples,0,2
80,2024-08-28,2025-01-06,T,Communication Services,0,2
80,2024-08-28,2025-01-06,TSLA,Consumer Discretionary,1,1
80,2024-08-28,2025-01-06,UNH,Health Care,5,4
80,2024-08-28,2025-01-06,V,Financials,2,3
80,2024-08-28,2025-01-06,VZ,Communication Services,0,2
80,2024-08-28,2025-01-06,WMT,Consumer Staples,1,2
80,2024-08-28,2025-01-06,XOM,Energy,2,4
81,2024-09-12,2025-01-22,AAPL,Information Technology,0,3
81,2024-09-12,2025-01-22,AMD,Information Technology,0,3
81,2024-09-12,2025-01-22,AMT,Real Estate,2,2
81,2024-09-12,2025-01-22,AMZN,Consumer Discretionary,0,3
81,2024-09-12,2025-01-22,AVGO,Information Technology,0,3
81,2024-09-12,2025-01-22,BA,Industrials,3,0
81,2024-09-12,2025-01-22,BAC,Financials,0,1
81,2024-09-12,2025-01-22,BRK.B,Financials,0,1
81,2024-09-12,2025-01-22,CAT,Industrials,0,1
81,2024-09-12,2025-01-22,COST,Consumer Staples,4,5
81,2024-09-12,2025-01-22,CRM,Information Technology,0,3
81,2024-09-12,2025-01-22,CSCO,Information Technology,0,1
81,2024-09-12,2025-01-22,CVX,Energy,1,4
81,2024-09-12,2025-01-22,DIS,Communication Services,5,1
81,2024-09-12,2025-01-22,DUK,Utilities,2,2
81,2024-09-12,2025-01-22,GE,Industrials,0,5
81,2024-09-12,2025-01-22,GOOG,Communication Services,0,0
81,2024-09-12,2025-01-22,GOOGL,Communication Services,0,0
81,2024-09-12,2025-01-22,GS,Financials,0,1
81,2024-09-12,2025-01-22,HD,Consumer Discretionary,2,2
81,2024-09-12,2025-01-22,INTC,Information Technology,0,1
81,2024-09-12,2025-01-22,JNJ,Health Care,2,2
81,2024-09-12,2025-01-22,JPM,Financials,0,1
81,2024-09-12,2025-01-22,KO,Consumer Staples,2,2
81,2024-09-12,2025-01-22,LIN,Materials,0,1
81,2024-09-12,2025-01-22,LLY,Health Care,4,5
81,2024-09-12,2025-01-22,MA,Financials,0,1
81,2024-09-12,2025-01-22,MCD,Consumer Discretionary,0,2
81,2024-09-12,2025-01-22,META,Communication Services,0,3
81,2024-09-12,2025-01-22,MS,Financials,0,1
81,2024-09-12,2025-01-22,MSFT,Information Technology,0,3
81,2024-09-12,2025-01-22,NEE,Utilities,2,2
81,2024-09-12,2025-01-22,NFLX,Communication Services,0,3
81,2024-09-12,2025-01-22,NKE,Consumer Discretionary,5,2
81,2024-09-12,2025-01-22,NVDA,Information Technology,0,3
81,2024-09-12,2025-01-22,ORCL,Information Technology,0,3
81,2024-09-12,2025-01-22,PEP,Consumer Staples,2,2
81,2024-09-12,2025-01-22,PFE,Health Care,2,2
81,2024-09-12,2025-01-22,PG,Consumer Staples,2,2
81,2024-09-12,2025-01-22,T,Communication Services,2,2
81,2024-09-12,2025-01-22,TSLA,Consumer Discretionary,0,0
81,2024-09-12,2025-01-22,UNH,Health Care,1,4
81,2024-09-12,2025-01-22,V,Financials,0,1
81,2024-09-12,2025-01-22,VZ,Communication Services,2,2
81,2024-09-12,2025-01-22,WMT,Consumer Staples,4,5
81,2024-09-12,2025-01-22,XOM,Energy,1,4
82,2024-09-26,2025-02-05,AAPL,Information Technology,5,3
82,2024-09-26,2025-02-05,AMD,Information Technology,2,0
82,2024-09-26,2025-02-05,AMT,Real Estate,0,2
82,2024-09-26,2025-02-05,AMZN,Consumer Discretionary,2,3
82,2024-09-26,2025-02-05,AVGO,Information Technology,2,3
82,2024-09-26,2025-02-05,BA,Industrials,3,0
82,2024-09-26,2025-02-05,BAC,Financials,2,1
82,2024-09-26,2025-02-05,BRK.B,Financials,2,1
82,2024-09-26,2025-02-05,CAT,Industrials,2,1
82,2024-09-26,2025-02-05,COST,Consumer Staples,0,5
82,2024-09-26,2025-02-05,CRM,Information Technology,2,3
82,2024-09-26,2025-02-05,CSCO,Information Technology,2,1
82,2024-09-26,2025-02-05,CVX,Energy,1,4
82,2024-09-26,2025-02-05,DIS,Communication Services,4,1
82,2024-09-26,2025-02-05,DUK,Utilities,0,2
82,2024-09-26,2025-02-05,GE,Industrials,2,5
82,2024-09-26,2025-02-05,GOOG,Communication Services,2,0
82,2024-09-26,2025-02-05,GOOGL,Communication Services,2,0
82,2024-09-26,2025-02-05,GS,Financials,2,1
82,2024-09-26,2025-02-05,HD,Consumer Discretionary,0,2
82,2024-09-26,2025-02-05,INTC,Information Technology,2,1
82,2024-09-26,2025-02-05,JNJ,Health Care,0,2
82,2024-09-26,2025-02-05,JPM,Financials,2,1
82,2024-09-26,2025-02-05,KO,Consumer Staples,0,2
82,2024-09-26,2025-02-05,LIN,Materials,2,1
82,2024-09-26,2025-02-05,LLY,Health Care,0,5
82,2024-09-26,2025-02-05,MA,Financials,2,1
82,2024-09-26,2025-02-05,MCD,Consumer Discretionary,5,2
82,2024-09-26,2025-02-05,META,Communication Services,2,0
82,2024-09-26,2025-02-05,MS,Financials,2,1
82,2024-09-26,2025-02-05,MSFT,Information Technology,2,3
82,2024-09-26,2025-02-05,NEE,Utilities,0,2
82,2024-09-26,2025-02-05,NFLX,Communication Services,2,3
82,2024-09-26,2025-02-05,NKE,Consumer Discretionary,4,2
82,2024-09-26,2025-02-05,NVDA,Information Technology,2,3
82,2024-09-26,2025-02-05,ORCL,Information Technology,2,3
82,2024-09-26,2025-02-05,PEP,Consumer Staples,0,2
82,2024-09-26,2025-02-05,PFE,Health Care,0,2
82,2024-09-26,2025-02-05,PG,Consumer Staples,0,2
82,2024-09-26,2025-02-05,T,Communication Services,0,2
82,2024-09-26,2025-02-05,TSLA,Consumer Discretionary,2,0
82,2024-09-26,2025-02-05,UNH,Health Care,1,4
82,2024-09-26,2025-02-05,V,Financials,2,1
82,2024-09-26,2025-02-05,VZ,Communication Services,0,2
82,2024-09-26,2025-02-05,WMT,Consumer Staples,0,5
82,2024-09-26,2025-02-05,XOM,Energy,1,4
83,2024-10-10,2025-02-20,AAPL,Information Technology,2,0
83,2024-10-10,2025-02-20,AMD,Information Technology,0,0
83,2024-10-10,2025-02-20,AMT,Real Estate,1,2
83,2024-10-10,2025-02-20,AMZN,Consumer Discretionary,0,0
83,2024-10-10,2025-02-20,AVGO,Information Technology,0,3
83,2024-10-10,2025-02-20,BA,Industrials,5,5
83,2024-10-10,2025-02-20,BAC,Financials,0,1
83,2024-10-10,2025-02-20,BRK.B,Financials,0,1
83,2024-10-10,2025-02-20,CAT,Industrials,0,1
83,2024-10-10,2025-02-20,COST,Consumer Staples,4,5
83,2024-10-10,2025-02-20,CRM,Information Technology,4,1
83,2024-10-10,2025-02-20,CSCO,Information Technology,0,1
83,2024-10-10,2025-02-20,CVX,Energy,3,4
83,2024-10-10,2025-02-20,DIS,Communication Services,0,1
83,2024-10-10,2025-02-20,DUK,Utilities,1,2
83,2024-10-10,2025-02-20,GE,Industrials,0,1
83,2024-10-10,2025-02-20,GOOG,Communication Services,0,0
83,2024-10-10,2025-02-20,GOOGL,Communication Services,0,0
83,2024-10-10,2025-02-20,GS,Financials,0,1
83,2024-10-10,2025-02-20,HD,Consumer Discretionary,1,2
83,2024-10-10,2025-02-20,INTC,Information Technology,0,1
83,2024-10-10,2025-02-20,JNJ,Health Care,1,2
83,2024-10-10,2025-02-20,JPM,Financials,0,1
83,2024-10-10,2025-02-20,KO,Consumer Staples,1,2
83,2024-10-10,2025-02-20,LIN,Materials,0,1
83,2024-10-10,2025-02-20,LLY,Health Care,4,5
83,2024-10-10,2025-02-20,MA,Financials,0,1
83,2024-10-10,2025-02-20,MCD,Consumer Discretionary,2,2
83,2024-10-10,2025-02-20,META,Communication Services,0,0
83,2024-10-10,2025-02-20,MS,Financials,0,1
83,2024-10-10,2025-02-20,MSFT,Information Technology,0,3
83,2024-10-10,2025-02-20,NEE,Utilities,1,2
83,2024-10-10,2025-02-20,NFLX,Communication Services,0,3
83,2024-10-10,2025-02-20,NKE,Consumer Discretionary,1,2
83,2024-10-10,2025-02-20,NVDA,Information Technology,0,3
83,2024-10-10,2025-02-20,ORCL,Information Technology,0,3
83,2024-10-10,2025-02-20,PEP,Consumer Staples,1,2
83,2024-10-10,2025-02-20,PFE,Health Care,1,2
83,2024-10-10,2025-02-20,PG,Consumer Staples,1,2
83,2024-10-10,2025-02-20,T,Communication Services,1,2
83,2024-10-10,2025-02-20,TSLA,Consumer Discretionary,0,0
83,2024-10-10,2025-02-20,UNH,Health Care,3,4
83,2024-10-10,2025-02-20,V,Financials,0,1
83,2024-10-10,2025-02-20,VZ,Communication Services,1,2
83,2024-10-10,2025-02-20,WMT,Consumer Staples,4,5
83,2024-10-10,2025-02-20,XOM,Energy,3,4
84,2024-10-24,2025-03-06,AAPL,Information Technology,1,4
84,2024-10-24,2025-03-06,AMD,Information Technology,1,5
84,2024-10-24,2025-03-06,AMT,Real Estate,5,1
84,2024-10-24,2025-03-06,AMZN,Consumer Discretionary,1,5
84,2024-10-24,2025-03-06,AVGO,Information Technology,1,2
84,2024-10-24,2025-03-06,BA,Industrials,3,4
84,2024-10-24,2025-03-06,BAC,Financials,1,0
84,2024-10-24,2025-03-06,BRK.B,Financials,1,0
84,2024-10-24,2025-03-06,CAT,Industrials,1,2
84,2024-10-24,2025-03-06,COST,Consumer Staples,2,4
84,2024-10-24,2025-03-06,CRM,Information Technology,1,2
84,2024-10-24,2025-03-06,CSCO,Information Technology,1,2
84,2024-10-24,2025-03-06,CVX,Energy,0,3
84,2024-10-24,2025-03-06,DIS,Communication Services,1,0
84,2024-10-24,2025-03-06,DUK,Utilities,5,1
84,2024-10-24,2025-03-06,GE,Industrials,1,2
84,2024-10-24,2025-03-06,GOOG,Communication Services,1,5
84,2024-10-24,2025-03-06,GOOGL,Communication Services,1,5
84,2024-10-24,2025-03-06,GS,Financials,1,0
84,2024-10-24,2025-03-06,HD,Consumer Discretionary,2,4
84,2024-10-24,2025-03-06,INTC,Information Technology,1,0
84,2024-10-24,2025-03-06,JNJ,Health Care,5,1
84,2024-10-24,2025-03-06,JPM,Financials,1,0
84,2024-10-24,2025-03-06,KO,Consumer Staples,5,1
84,2024-10-24,2025-03-06,LIN,Materials,1,0
84,2024-10-24,2025-03-06,LLY,Health Care,2,4
84,2024-10-24,2025-03-06,MA,Financials,1,0
84,2024-10-24,2025-03-06,MCD,Consumer Discretionary,2,1
84,2024-10-24,2025-03-06,META,Communication Services,1,5
84,2024-10-24,2025-03-06,MS,Financials,1,0
84,2024-10-24,2025-03-06,MSFT,Information Technology,1,2
84,2024-10-24,2025-03-06,NEE,Utilities,5,1
84,2024-10-24,2025-03-06,NFLX,Communication Services,1,2
84,2024-10-24,2025-03-06,NKE,Consumer Discretionary,4,1
84,2024-10-24,2025-03-06,NVDA,Information Technology,1,2
84,2024-10-24,2025-03-06,ORCL,Information Technology,1,2
84,2024-10-24,2025-03-06,PEP,Consumer Staples,5,1
84,2024-10-24,2025-03-06,PFE,Health Care,5,1
84,2024-10-24,2025-03-06,PG,Consumer Staples,5,1
84,2024-10-24,2025-03-06,T,Communication Services,5,1
84,2024-10-24,2025-03-06,TSLA,Consumer Discretionary,1,5
84,2024-10-24,2025-03-06,UNH,Health Care,0,3
84,2024-10-24,2025-03-06,V,Financials,1,0
84,2024-10-24,2025-03-06,VZ,Communication Services,5,1
84,2024-10-24,2025-03-06,WMT,Consumer Staples,2,4
84,2024-10-24,2025-03-06,XOM,Energy,0,3
85,2024-11-07,2025-03-20,AAPL,Information Technology,4,0
85,2024-11-07,2025-03-20,AMD,Information Technology,0,4
85,2024-11-07,2025-03-20,AMT,Real Estate,3,1
85,2024-11-07,2025-03-20,AMZN,Consumer Discretionary,0,4
85,2024-11-07,2025-03-20,AVGO,Information Technology,0,4
85,2024-11-07,2025-03-20,BA,Industrials,0,3
85,2024-11-07,2025-03-20,BAC,Financials,0,2
85,2024-11-07,2025-03-20,BRK.B,Financials,0,2
85,2024-11-07,2025-03-20,CAT,Industrials,0,2
85,2024-11-07,2025-03-20,COST,Consumer Staples,0,3
85,2024-11-07,2025-03-20,CRM,Information Technology,0,3
85,2024-11-07,2025-03-20,CSCO,Information Technology,0,3
85,2024-11-07,2025-03-20,CVX,Energy,2,5
85,2024-11-07,2025-03-20,DIS,Communication Services,0,2
85,2024-11-07,2025-03-20,DUK,Utilities,3,1
85,2024-11-07,2025-03-20,GE,Industrials,0,3
85,2024-11-07,2025-03-20,GOOG,Communication Services,0,4
85,2024-11-07,2025-03-20,GOOGL,Communication Services,0,4
85,2024-11-07,2025-03-20,GS,Financials,0,2
85,2024-11-07,2025-03-20,HD,Consumer Discretionary,0,2
85,2024-11-07,2025-03-20,INTC,Information Technology,1,3
85,2024-11-07,2025-03-20,JNJ,Health Care,3,1
85,2024-11-07,2025-03-20,JPM,Financials,0,2
85,2024-11-07,2025-03-20,KO,Consumer Staples,3,1
85,2024-11-07,2025-03-20,LIN,Materials,1,3
85,2024-11-07,2025-03-20,LLY,Health Care,0,3
85,2024-11-07,2025-03-20,MA,Financials,0,2
85,2024-11-07,2025-03-20,MCD,Consumer Discretionary,4,0
85,2024-11-07,2025-03-20,META,Communication Services,0,4
85,2024-11-07,2025-03-20,MS,Financials,0,2
85,2024-11-07,2025-03-20,MSFT,Information Technology,0,4
85,2024-11-07,2025-03-20,NEE,Utilities,3,1
85,2024-11-07,2025-03-20,NFLX,Communication Services,0,3
85,2024-11-07,2025-03-20,NKE,Consumer Discretionary,1,0
85,2024-11-07,2025-03-20,NVDA,Information Technology,0,4
85,2024-11-07,2025-03-20,ORCL,Information Technology,0,3
85,2024-11-07,2025-03-20,PEP,Consumer Staples,3,1
85,2024-11-07,2025-03-20,PFE,Health Care,3,1
85,2024-11-07,2025-03-20,PG,Consumer Staples,3,1
85,2024-11-07,2025-03-20,T,Communication Services,3,1
85,2024-11-07,2025-03-20,TSLA,Consumer Discretionary,0,4
85,2024-11-07,2025-03-20,UNH,Health Care,5,3
85,2024-11-07,2025-03-20,V,Financials,0,2
85,2024-11-07,2025-03-20,VZ,Communication Services,3,1
85,2024-11-07,2025-03-20,WMT,Consumer Staples,0,3
85,2024-11-07,2025-03-20,XOM,Energy,2,5
86,2024-11-21,2025-04-03,AAPL,Information Technology,0,3
86,2024-11-21,2025-04-03,AMD,Information Technology,0,1
86,2024-11-21,2025-04-03,AMT,Real Estate,1,2
86,2024-11-21,2025-04-03,AMZN,Consumer Discretionary,0,1
86,2024-11-21,2025-04-03,AVGO,Information Technology,0,4
86,2024-11-21,2025-04-03,BA,Industrials,0,3
86,2024-11-21,2025-04-03,BAC,Financials,0,3
86,2024-11-21,2025-04-03,BRK.B,Financials,0,3
86,2024-11-21,2025-04-03,CAT,Industrials,0,4
86,2024-11-21,2025-04-03,COST,Consumer Staples,0,3
86,2024-11-21,2025-04-03,CRM,Information Technology,0,4
86,2024-11-21,2025-04-03,CSCO,Information Technology,0,4
86,2024-11-21,2025-04-03,CVX,Energy,3,5
86,2024-11-21,2025-04-03,DIS,Communication Services,0,3
86,2024-11-21,2025-04-03,DUK,Utilities,1,2
86,2024-11-21,2025-04-03,GE,Industrials,0,4
86,2024-11-21,2025-04-03,GOOG,Communication Services,0,1
86,2024-11-21,2025-04-03,GOOGL,Communication Services,0,1
86,2024-11-21,2025-04-03,GS,Financials,0,4
86,2024-11-21,2025-04-03,HD,Consumer Discretionary,0,3
86,2024-11-21,2025-04-03,INTC,Information Technology,5,0
86,2024-11-21,2025-04-03,JNJ,Health Care,1,2
86,2024-11-21,2025-04-03,JPM,Financials,0,3
86,2024-11-21,2025-04-03,KO,Consumer Staples,1,2
86,2024-11-21,2025-04-03,LIN,Materials,4,0
86,2024-11-21,2025-04-03,LLY,Health Care,0,3
86,2024-11-21,2025-04-03,MA,Financials,0,3
86,2024-11-21,2025-04-03,MCD,Consumer Discretionary,1,0
86,2024-11-21,2025-04-03,META,Communication Services,0,1
86,2024-11-21,2025-04-03,MS,Financials,0,3
86,2024-11-21,2025-04-03,MSFT,Information Technology,0,4
86,2024-11-21,2025-04-03,NEE,Utilities,1,2
86,2024-11-21,2025-04-03,NFLX,Communication Services,0,4
86,2024-11-21,2025-04-03,NKE,Consumer Discretionary,4,3
86,2024-11-21,2025-04-03,NVDA,Information Technology,0,4
86,2024-11-21,2025-04-03,ORCL,Information Technology,0,4
86,2024-11-21,2025-04-03,PEP,Consumer Staples,1,2
86,2024-11-21,2025-04-03,PFE,Health Care,1,2
86,2024-11-21,2025-04-03,PG,Consumer Staples,1,2
86,2024-11-21,2025-04-03,T,Communication Services,1,2
86,2024-11-21,2025-04-03,TSLA,Consumer Discretionary,0,1
86,2024-11-21,2025-04-03,UNH,Health Care,2,0
86,2024-11-21,2025-04-03,V,Financials,0,3
86,2024-11-21,2025-04-03,VZ,Communication Services,1,2
86,2024-11-21,2025-04-03,WMT,Consumer Staples,0,3
86,2024-11-21,2025-04-03,XOM,Energy,3,5
87,2024-12-06,2025-04-17,AAPL,Information Technology,2,4
87,2024-12-06,2025-04-17,AMD,Information Technology,2,1
87,2024-12-06,2025-04-17,AMT,Real Estate,0,5
87,2024-12-06,2025-04-17,AMZN,Consumer Discretionary,2,4
87,2024-12-06,2025-04-17,AVGO,Information Technology,2,1
87,2024-12-06,2025-04-17,BA,Industrials,2,2
87,2024-12-06,2025-04-17,BAC,Financials,2,2
87,2024-12-06,2025-04-17,BRK.B,Financials,2,0
87,2024-12-06,2025-04-17,CAT,Industrials,2,2
87,2024-12-06,2025-04-17,COST,Consumer Staples,5,0
87,2024-12-06,2025-04-17,CRM,Information Technology,2,4
87,2024-12-06,2025-04-17,CSCO,Information Technology,2,2
87,2024-12-06,2025-04-17,CVX,Energy,2,0
87,2024-12-06,2025-04-17,DIS,Communication Services,2,2
87,2024-12-06,2025-04-17,DUK,Utilities,0,5
87,2024-12-06,2025-04-17,GE,Industrials,2,2
87,2024-12-06,2025-04-17,GOOG,Communication Services,2,1
87,2024-12-06,2025-04-17,GOOGL,Communication Services,2,1
87,2024-12-06,2025-04-17,GS,Financials,2,2
87,2024-12-06,2025-04-17,HD,Consumer Discretionary,5,0
87,2024-12-06,2025-04-17,INTC,Information Technology,3,0
87,2024-12-06,2025-04-17,JNJ,Health Care,0,5
87,2024-12-06,2025-04-17,JPM,Financials,2,2
87,2024-12-06,2025-04-17,KO,Consumer Staples,0,5
87,2024-12-06,2025-04-17,LIN,Materials,2,0
87,2024-12-06,2025-04-17,LLY,Health Care,5,0
87,2024-12-06,2025-04-17,MA,Financials,2,0
87,2024-12-06,2025-04-17,MCD,Consumer Discretionary,0,5
87,2024-12-06,2025-04-17,META,Communication Services,2,4
87,2024-12-06,2025-04-17,MS,Financials,2,2
87,2024-12-06,2025-04-17,MSFT,Information Technology,2,4
87,2024-12-06,2025-04-17,NEE,Utilities,0,5
87,2024-12-06,2025-04-17,NFLX,Communication Services,2,4
87,2024-12-06,2025-04-17,NKE,Consumer Discretionary,4,0
87,2024-12-06,2025-04-17,NVDA,Information Technology,2,1
87,2024-12-06,2025-04-17,ORCL,Information Technology,2,2
87,2024-12-06,2025-04-17,PEP,Consumer Staples,0,5
87,2024-12-06,2025-04-17,PFE,Health Care,0,0
87,2024-12-06,2025-04-17,PG,Consumer Staples,0,5
87,2024-12-06,2025-04-17,T,Communication Services,0,5
87,2024-12-06,2025-04-17,TSLA,Consumer Discretionary,2,1
87,2024-12-06,2025-04-17,UNH,Health Care,1,3
87,2024-12-06,2025-04-17,V,Financials,2,0
87,2024-12-06,2025-04-17,VZ,Communication Services,0,5
87,2024-12-06,2025-04-17,WMT,Consumer Staples,5,0
87,2024-12-06,2025-04-17,XOM,Energy,2,0
88,2024-12-20,2025-05-02,AAPL,Information Technology,5,5
88,2024-12-20,2025-05-02,AMD,Information Technology,5,1
88,2024-12-20,2025-05-02,AMT,Real Estate,0,0
88,2024-12-20,2025-05-02,AMZN,Consumer Discretionary,5,1
88,2024-12-20,2025-05-02,AVGO,Information Technology,5,1
88,2024-12-20,2025-05-02,BA,Industrials,5,2
88,2024-12-20,2025-05-02,BAC,Financials,5,2
88,2024-12-20,2025-05-02,BRK.B,Financials,5,5
88,2024-12-20,2025-05-02,CAT,Industrials,5,5
88,2024-12-20,2025-05-02,COST,Consumer Staples,2,2
88,2024-12-20,2025-05-02,CRM,Information Technology,5,2
88,2024-12-20,2025-05-02,CSCO,Information Technology,5,2
88,2024-12-20,2025-05-02,CVX,Energy,5,5
88,2024-12-20,2025-05-02,DIS,Communication Services,5,5
88,2024-12-20,2025-05-02,DUK,Utilities,0,0
88,2024-12-20,2025-05-02,GE,Industrials,5,2
88,2024-12-20,2025-05-02,GOOG,Communication Services,5,1
88,2024-12-20,2025-05-02,GOOGL,Communication Services,5,1
88,2024-12-20,2025-05-02,GS,Financials,5,2
88,2024-12-20,2025-05-02,HD,Consumer Discretionary,2,5
88,2024-12-20,2025-05-02,INTC,Information Technology,4,4
88,2024-12-20,2025-05-02,JNJ,Health Care,0,0
88,2024-12-20,2025-05-02,JPM,Financials,5,2
88,2024-12-20,2025-05-02,KO,Consumer Staples,0,0
88,2024-12-20,2025-05-02,LIN,Materials,5,5
88,2024-12-20,2025-05-02,LLY,Health Care,2,5
88,2024-12-20,2025-05-02,MA,Financials,5,5
88,2024-12-20,2025-05-02,MCD,Consumer Discretionary,0,0
88,2024-12-20,2025-05-02,META,Communication Services,5,2
88,2024-12-20,2025-05-02,MS,Financials,5,2
88,2024-12-20,2025-05-02,MSFT,Information Technology,5,1
88,2024-12-20,2025-05-02,NEE,Utilities,0,0
88,2024-12-20,2025-05-02,NFLX,Communication Services,5,2
88,2024-12-20,2025-05-02,NKE,Consumer Discretionary,3,5
88,2024-12-20,2025-05-02,NVDA,Information Technology,5,1
88,2024-12-20,2025-05-02,ORCL,Information Technology,5,2
88,2024-12-20,2025-05-02,PEP,Consumer Staples,0,0
88,2024-12-20,2025-05-02,PFE,Health Care,0,0
88,2024-12-20,2025-05-02,PG,Consumer Staples,0,0
88,2024-12-20,2025-05-02,T,Communication Services,0,0
88,2024-12-20,2025-05-02,TSLA,Consumer Discretionary,5,1
88,2024-12-20,2025-05-02,UNH,Health Care,1,3
88,2024-12-20,2025-05-02,V,Financials,5,5
88,2024-12-20,2025-05-02,VZ,Communication Services,0,0
88,2024-12-20,2025-05-02,WMT,Consumer Staples,2,2
88,2024-12-20,2025-05-02,XOM,Energy,5,5
89,2025-01-07,2025-05-16,AAPL,Information Technology,5,0
89,2025-01-07,2025-05-16,AMD,Information Technology,5,3
89,2025-01-07,2025-05-16,AMT,Real Estate,0,5
89,2025-01-07,2025-05-16,AMZN,Consumer Discretionary,5,3
89,2025-01-07,2025-05-16,AVGO,Information Technology,5,3
89,2025-01-07,2025-05-16,BA,Industrials,5,2
89,2025-01-07,2025-05-16,BAC,Financials,5,2
89,2025-01-07,2025-05-16,BRK.B,Financials,5,1
89,2025-01-07,2025-05-16,CAT,Industrials,5,2
89,2025-01-07,2025-05-16,COST,Consumer Staples,2,4
89,2025-01-07,2025-05-16,CRM,Information Technology,5,2
89,2025-01-07,2025-05-16,CSCO,Information Technology,5,1
89,2025-01-07,2025-05-16,CVX,Energy,5,1
89,2025-01-07,2025-05-16,DIS,Communication Services,5,2
89,2025-01-07,2025-05-16,DUK,Utilities,0,5
89,2025-01-07,2025-05-16,GE,Industrials,5,2
89,2025-01-07,2025-05-16,GOOG,Communication Services,5,0
89,2025-01-07,2025-05-16,GOOGL,Communication Services,5,0
89,2025-01-07,2025-05-16,GS,Financials,5,2
89,2025-01-07,2025-05-16,HD,Consumer Discretionary,2,4
89,2025-01-07,2025-05-16,INTC,Information Technology,4,1
89,2025-01-07,2025-05-16,JNJ,Health Care,0,5
89,2025-01-07,2025-05-16,JPM,Financials,5,2
89,2025-01-07,2025-05-16,KO,Consumer Staples,0,5
89,2025-01-07,2025-05-16,LIN,Materials,5,1
89,2025-01-07,2025-05-16,LLY,Health Care,2,4
89,2025-01-07,2025-05-16,MA,Financials,5,1
89,2025-01-07,2025-05-16,MCD,Consumer Discretionary,0,5
89,2025-01-07,2025-05-16,META,Communication Services,5,3
89,2025-01-07,2025-05-16,MS,Financials,5,2
89,2025-01-07,2025-05-16,MSFT,Information Technology,5,3
89,2025-01-07,2025-05-16,NEE,Utilities,0,5
89,2025-01-07,2025-05-16,NFLX,Communication Services,5,3
89,2025-01-07,2025-05-16,NKE,Consumer Discretionary,3,0
89,2025-01-07,2025-05-16,NVDA,Information Technology,5,3
89,2025-01-07,2025-05-16,ORCL,Information Technology,5,3
89,2025-01-07,2025-05-16,PEP,Consumer Staples,0,5
89,2025-01-07,2025-05-16,PFE,Health Care,0,1
89,2025-01-07,2025-05-16,PG,Consumer Staples,0,5
89,2025-01-07,2025-05-16,T,Communication Services,0,5
89,2025-01-07,2025-05-16,TSLA,Consumer Discretionary,5,3
89,2025-01-07,2025-05-16,UNH,Health Care,1,4
89,2025-01-07,2025-05-16,V,Financials,5,1
89,2025-01-07,2025-05-16,VZ,Communication Services,0,5
89,2025-01-07,2025-05-16,WMT,Consumer Staples,2,4
89,2025-01-07,2025-05-16,XOM,Energy,5,1
90,2025-01-23,2025-06-02,AAPL,Information Technology,1,0
90,2025-01-23,2025-06-02,AMD,Information Technology,1,1
90,2025-01-23,2025-06-02,AMT,Real Estate,0,2
90,2025-01-23,2025-06-02,AMZN,Consumer Discretionary,1,1
90,2025-01-23,2025-06-02,AVGO,Information Technology,1,5
90,2025-01-23,2025-06-02,BA,Industrials,1,5
90,2025-01-23,2025-06-02,BAC,Financials,1,5
90,2025-01-23,2025-06-02,BRK.B,Financials,1,0
90,2025-01-23,2025-06-02,CAT,Industrials,1,4
90,2025-01-23,2025-06-02,COST,Consumer Staples,1,0
90,2025-01-23,2025-06-02,CRM,Information Technology,1,5
90,2025-01-23,2025-06-02,CSCO,Information Technology,1,0
90,2025-01-23,2025-06-02,CVX,Energy,1,4
90,2025-01-23,2025-06-02,DIS,Communication Services,1,4
90,2025-01-23,2025-06-02,DUK,Utilities,0,2
90,2025-01-23,2025-06-02,GE,Industrials,1,5
90,2025-01-23,2025-06-02,GOOG,Communication Services,1,1
90,2025-01-23,2025-06-02,GOOGL,Communication Services,1,1
90,2025-01-23,2025-06-02,GS,Financials,1,5
90,2025-01-23,2025-06-02,HD,Consumer Discretionary,1,0
90,2025-01-23,2025-06-02,INTC,Information Technology,5,5
90,2025-01-23,2025-06-02,JNJ,Health Care,0,2
90,2025-01-23,2025-06-02,JPM,Financials,1,5
90,2025-01-23,2025-06-02,KO,Consumer Staples,0,2
90,2025-01-23,2025-06-02,LIN,Materials,1,0
90,2025-01-23,2025-06-02,LLY,Health Care,4,0
90,2025-01-23,2025-06-02,MA,Financials,1,0
90,2025-01-23,2025-06-02,MCD,Consumer Discretionary,0,2
90,2025-01-23,2025-06-02,META,Communication Services,1,5
90,2025-01-23,2025-06-02,MS,Financials,1,5
90,2025-01-23,2025-06-02,MSFT,Information Technology,1,5
90,2025-01-23,2025-06-02,NEE,Utilities,0,2
90,2025-01-23,2025-06-02,NFLX,Communication Services,1,5
90,2025-01-23,2025-06-02,NKE,Consumer Discretionary,2,4
90,2025-01-23,2025-06-02,NVDA,Information Technology,1,5
90,2025-01-23,2025-06-02,ORCL,Information Technology,1,5
90,2025-01-23,2025-06-02,PEP,Consumer Staples,0,2
90,2025-01-23,2025-06-02,PFE,Health Care,4,0
90,2025-01-23,2025-06-02,PG,Consumer Staples,0,2
90,2025-01-23,2025-06-02,T,Communication Services,0,2
90,2025-01-23,2025-06-02,TSLA,Consumer Discretionary,1,1
90,2025-01-23,2025-06-02,UNH,Health Care,3,3
90,2025-01-23,2025-06-02,V,Financials,1,0
90,2025-01-23,2025-06-02,VZ,Communication Services,0,2
90,2025-01-23,2025-06-02,WMT,Consumer Staples,1,0
90,2025-01-23,2025-06-02,XOM,Energy,1,4
91,2025-02-06,2025-06-16,AAPL,Information Technology,0,0
91,2025-02-06,2025-06-16,AMD,Information Technology,0,4
91,2025-02-06,2025-06-16,AMT,Real Estate,2,5
91,2025-02-06,2025-06-16,AMZN,Consumer Discretionary,0,4
91,2025-02-06,2025-06-16,AVGO,Information Technology,0,4
91,2025-02-06,2025-06-16,BA,Industrials,0,2
91,2025-02-06,2025-06-16,BAC,Financials,0,2
91,2025-02-06,2025-06-16,BRK.B,Financials,0,3
91,2025-02-06,2025-06-16,CAT,Industrials,0,0
91,2025-02-06,2025-06-16,COST,Consumer Staples,0,3
91,2025-02-06,2025-06-16,CRM,Information Technology,0,4
91,2025-02-06,2025-06-16,CSCO,Information Technology,0,0
91,2025-02-06,2025-06-16,CVX,Energy,0,0
91,2025-02-06,2025-06-16,DIS,Communication Services,0,0
91,2025-02-06,2025-06-16,DUK,Utilities,2,5
91,2025-02-06,2025-06-16,GE,Industrials,0,2
91,2025-02-06,2025-06-16,GOOG,Communication Services,0,4
91,2025-02-06,2025-06-16,GOOGL,Communication Services,0,4
91,2025-02-06,2025-06-16,GS,Financials,0,2
91,2025-02-06,2025-06-16,HD,Consumer Discretionary,0,3
91,2025-02-06,2025-06-16,INTC,Information Technology,5,3
91,2025-02-06,2025-06-16,JNJ,Health Care,2,1
91,2025-02-06,2025-06-16,JPM,Financials,0,2
91,2025-02-06,2025-06-16,KO,Consumer Staples,2,1
91,2025-02-06,2025-06-16,LIN,Materials,0,3
91,2025-02-06,2025-06-16,LLY,Health Care,1,3
91,2025-02-06,2025-06-16,MA,Financials,0,3
91,2025-02-06,2025-06-16,MCD,Consumer Discretionary,2,5
91,2025-02-06,2025-06-16,META,Communication Services,0,4
91,2025-02-06,2025-06-16,MS,Financials,0,2
91,2025-02-06,2025-06-16,MSFT,Information Technology,0,4
91,2025-02-06,2025-06-16,NEE,Utilities,2,5
91,2025-02-06,2025-06-16,NFLX,Communication Services,0,2
91,2025-02-06,2025-06-16,NKE,Consumer Discretionary,4,0
91,2025-02-06,2025-06-16,NVDA,Information Technology,0,4
91,2025-02-06,2025-06-16,ORCL,Information Technology,0,4
91,2025-02-06,2025-06-16,PEP,Consumer Staples,2,1
91,2025-02-06,2025-06-16,PFE,Health Care,1,3
91,2025-02-06,2025-06-16,PG,Consumer Staples,2,1
91,2025-02-06,2025-06-16,T,Communication Services,2,5
91,2025-02-06,2025-06-16,TSLA,Consumer Discretionary,0,4
91,2025-02-06,2025-06-16,UNH,Health Care,3,3
91,2025-02-06,2025-06-16,V,Financials,0,3
91,2025-02-06,2025-06-16,VZ,Communication Services,2,5
91,2025-02-06,2025-06-16,WMT,Consumer Staples,0,3
91,2025-02-06,2025-06-16,XOM,Energy,0,0
92,2025-02-21,2025-07-01,AAPL,Information Technology,0,3
92,2025-02-21,2025-07-01,AMD,Information Technology,0,4
92,2025-02-21,2025-07-01,AMT,Real Estate,2,2
92,2025-02-21,2025-07-01,AMZN,Consumer Discretionary,0,4
92,2025-02-21,2025-07-01,AVGO,Information Technology,0,4
92,2025-02-21,2025-07-01,BA,Industrials,0,3
92,2025-02-21,2025-07-01,BAC,Financials,0,3
92,2025-02-21,2025-07-01,BRK.B,Financials,0,1
92,2025-02-21,2025-07-01,CAT,Industrials,0,3
92,2025-02-21,2025-07-01,COST,Consumer Staples,0,1
92,2025-02-21,2025-07-01,CRM,Information Technology,0,3
92,2025-02-21,2025-07-01,CSCO,Information Technology,0,3
92,2025-02-21,2025-07-01,CVX,Energy,0,0
92,2025-02-21,2025-07-01,DIS,Communication Services,0,3
92,2025-02-21,2025-07-01,DUK,Utilities,2,2
92,2025-02-21,2025-07-01,GE,Industrials,0,3
92,2025-02-21,2025-07-01,GOOG,Communication Services,0,5
92,2025-02-21,2025-07-01,GOOGL,Communication Services,0,5
92,2025-02-21,2025-07-01,GS,Financials,0,3
92,2025-02-21,2025-07-01,HD,Consumer Discretionary,0,3
92,2025-02-21,2025-07-01,INTC,Information Technology,3,3
92,2025-02-21,2025-07-01,JNJ,Health Care,2,2
92,2025-02-21,2025-07-01,JPM,Financials,0,3
92,2025-02-21,2025-07-01,KO,Consumer Staples,2,2
92,2025-02-21,2025-07-01,LIN,Materials,0,1
92,2025-02-21,2025-07-01,LLY,Health Care,1,1
92,2025-02-21,2025-07-01,MA,Financials,0,1
92,2025-02-21,2025-07-01,MCD,Consumer Discretionary,2,2
92,2025-02-21,2025-07-01,META,Communication Services,0,4
92,2025-02-21,2025-07-01,MS,Financials,0,3
92,2025-02-21,2025-07-01,MSFT,Information Technology,0,4
92,2025-02-21,2025-07-01,NEE,Utilities,2,2
92,2025-02-21,2025-07-01,NFLX,Communication Services,0,4
92,2025-02-21,2025-07-01,NKE,Consumer Discretionary,5,3
92,2025-02-21,2025-07-01,NVDA,Information Technology,0,4
92,2025-02-21,2025-07-01,ORCL,Information Technology,0,4
92,2025-02-21,2025-07-01,PEP,Consumer Staples,2,2
92,2025-02-21,2025-07-01,PFE,Health Care,1,1
92,2025-02-21,2025-07-01,PG,Consumer Staples,2,2
92,2025-02-21,2025-07-01,T,Communication Services,2,2
92,2025-02-21,2025-07-01,TSLA,Consumer Discretionary,0,4
92,2025-02-21,2025-07-01,UNH,Health Care,4,1
92,2025-02-21,2025-07-01,V,Financials,0,1
92,2025-02-21,2025-07-01,VZ,Communication Services,2,2
92,2025-02-21,2025-07-01,WMT,Consumer Staples,0,1
92,2025-02-21,2025-07-01,XOM,Energy,0,0
93,2025-03-07,2025-07-16,AAPL,Information Technology,2,4
93,2025-03-07,2025-07-16,AMD,Information Technology,2,3
93,2025-03-07,2025-07-16,AMT,Real Estate,1,1
93,2025-03-07,2025-07-16,AMZN,Consumer Discretionary,2,3
93,2025-03-07,2025-07-16,AVGO,Information Technology,2,3
93,2025-03-07,2025-07-16,BA,Industrials,2,3
93,2025-03-07,2025-07-16,BAC,Financials,2,4
93,2025-03-07,2025-07-16,BRK.B,Financials,2,2
93,2025-03-07,2025-07-16,CAT,Industrials,2,4
93,2025-03-07,2025-07-16,COST,Consumer Staples,2,2
93,2025-03-07,2025-07-16,CRM,Information Technology,2,3
93,2025-03-07,2025-07-16,CSCO,Information Technology,2,4
93,2025-03-07,2025-07-16,CVX,Energy,5,5
93,2025-03-07,2025-07-16,DIS,Communication Services,2,4
93,2025-03-07,2025-07-16,DUK,Utilities,1,1
93,2025-03-07,2025-07-16,GE,Industrials,2,3
93,2025-03-07,2025-07-16,GOOG,Communication Services,2,0
93,2025-03-07,2025-07-16,GOOGL,Communication Services,2,0
93,2025-03-07,2025-07-16,GS,Financials,2,4
93,2025-03-07,2025-07-16,HD,Consumer Discretionary,2,4
93,2025-03-07,2025-07-16,INTC,Information Technology,4,2
93,2025-03-07,2025-07-16,JNJ,Health Care,0,1
93,2025-03-07,2025-07-16,JPM,Financials,2,4
93,2025-03-07,2025-07-16,KO,Consumer Staples,1,1
93,2025-03-07,2025-07-16,LIN,Materials,2,2
93,2025-03-07,2025-07-16,LLY,Health Care,0,2
93,2025-03-07,2025-07-16,MA,Financials,2,2
93,2025-03-07,2025-07-16,MCD,Consumer Discretionary,1,1
93,2025-03-07,2025-07-16,META,Communication Services,2,3
93,2025-03-07,2025-07-16,MS,Financials,2,4
93,2025-03-07,2025-07-16,MSFT,Information Technology,2,3
93,2025-03-07,2025-07-16,NEE,Utilities,1,1
93,2025-03-07,2025-07-16,NFLX,Communication Services,2,3
93,2025-03-07,2025-07-16,NKE,Consumer Discretionary,2,4
93,2025-03-07,2025-07-16,NVDA,Information Technology,2,3
93,2025-03-07,2025-07-16,ORCL,Information Technology,2,3
93,2025-03-07,2025-07-16,PEP,Consumer Staples,1,1
93,2025-03-07,2025-07-16,PFE,Health Care,0,2
93,2025-03-07,2025-07-16,PG,Consumer Staples,1,1
93,2025-03-07,2025-07-16,T,Communication Services,1,1
93,2025-03-07,2025-07-16,TSLA,Consumer Discretionary,2,3
93,2025-03-07,2025-07-16,UNH,Health Care,3,2
93,2025-03-07,2025-07-16,V,Financials,2,2
93,2025-03-07,2025-07-16,VZ,Communication Services,1,1
93,2025-03-07,2025-07-16,WMT,Consumer Staples,2,2
93,2025-03-07,2025-07-16,XOM,Energy,5,5
94,2025-03-21,2025-07-30,AAPL,Information Technology,2,4
94,2025-03-21,2025-07-30,AMD,Information Technology,2,4
94,2025-03-21,2025-07-30,AMT,Real Estate,0,5
94,2025-03-21,2025-07-30,AMZN,Consumer Discretionary,2,1
94,2025-03-21,2025-07-30,AVGO,Information Technology,2,1
94,2025-03-21,2025-07-30,BA,Industrials,2,4
94,2025-03-21,2025-07-30,BAC,Financials,2,4
94,2025-03-21,2025-07-30,BRK.B,Financials,2,0
94,2025-03-21,2025-07-30,CAT,Industrials,2,4
94,2025-03-21,2025-07-30,COST,Consumer Staples,2,0
94,2025-03-21,2025-07-30,CRM,Information Technology,2,4
94,2025-03-21,2025-07-30,CSCO,Information Technology,2,4
94,2025-03-21,2025-07-30,CVX,Energy,2,4
94,2025-03-21,2025-07-30,DIS,Communication Services,2,4
94,2025-03-21,2025-07-30,DUK,Utilities,0,3
94,2025-03-21,2025-07-30,GE,Industrials,2,1
94,2025-03-21,2025-07-30,GOOG,Communication Services,2,1
94,2025-03-21,2025-07-30,GOOGL,Communication Services,2,1
94,2025-03-21,2025-07-30,GS,Financials,2,4
94,2025-03-21,2025-07-30,HD,Consumer Discretionary,2,0
94,2025-03-21,2025-07-30,INTC,Information Technology,4,4
94,2025-03-21,2025-07-30,JNJ,Health Care,1,2
94,2025-03-21,2025-07-30,JPM,Financials,2,4
94,2025-03-21,2025-07-30,KO,Consumer Staples,0,3
94,2025-03-21,2025-07-30,LIN,Materials,2,0
94,2025-03-21,2025-07-30,LLY,Health Care,1,2
94,2025-03-21,2025-07-30,MA,Financials,2,0
94,2025-03-21,2025-07-30,MCD,Consumer Discretionary,0,3
94,2025-03-21,2025-07-30,META,Communication Services,2,1
94,2025-03-21,2025-07-30,MS,Financials,2,4
94,2025-03-21,2025-07-30,MSFT,Information Technology,2,1
94,2025-03-21,2025-07-30,NEE,Utilities,0,3
94,2025-03-21,2025-07-30,NFLX,Communication Services,5,0
94,2025-03-21,2025-07-30,NKE,Consumer Discretionary,2,4
94,2025-03-21,2025-07-30,NVDA,Information Technology,2,1
94,2025-03-21,2025-07-30,ORCL,Information Technology,2,1
94,2025-03-21,2025-07-30,PEP,Consumer Staples,0,3
94,2025-03-21,2025-07-30,PFE,Health Care,1,2
94,2025-03-21,2025-07-30,PG,Consumer Staples,0,3
94,2025-03-21,2025-07-30,T,Communication Services,0,5
94,2025-03-21,2025-07-30,TSLA,Consumer Discretionary,2,4
94,2025-03-21,2025-07-30,UNH,Health Care,3,0
94,2025-03-21,2025-07-30,V,Financials,2,0
94,2025-03-21,2025-07-30,VZ,Communication Services,0,5
94,2025-03-21,2025-07-30,WMT,Consumer Staples,2,0
94,2025-03-21,2025-07-30,XOM,Energy,2,4
95,2025-04-04,2025-08-13,AAPL,Information Technology,0,0
95,2025-04-04,2025-08-13,AMD,Information Technology,0,5
95,2025-04-04,2025-08-13,AMT,Real Estate,2,2
95,2025-04-04,2025-08-13,AMZN,Consumer Discretionary,0,5
95,2025-04-04,2025-08-13,AVGO,Information Technology,0,5
95,2025-04-04,2025-08-13,BA,Industrials,0,5
95,2025-04-04,2025-08-13,BAC,Financials,0,5
95,2025-04-04,2025-08-13,BRK.B,Financials,0,1
95,2025-04-04,2025-08-13,CAT,Industrials,0,5
95,2025-04-04,2025-08-13,COST,Consumer Staples,0,1
95,2025-04-04,2025-08-13,CRM,Information Technology,0,5
95,2025-04-04,2025-08-13,CSCO,Information Technology,0,1
95,2025-04-04,2025-08-13,CVX,Energy,0,0
95,2025-04-04,2025-08-13,DIS,Communication Services,0,5
95,2025-04-04,2025-08-13,DUK,Utilities,2,2
95,2025-04-04,2025-08-13,GE,Industrials,0,1
95,2025-04-04,2025-08-13,GOOG,Communication Services,0,3
95,2025-04-04,2025-08-13,GOOGL,Communication Services,0,3
95,2025-04-04,2025-08-13,GS,Financials,0,5
95,2025-04-04,2025-08-13,HD,Consumer Discretionary,1,4
95,2025-04-04,2025-08-13,INTC,Information Technology,1,5
95,2025-04-04,2025-08-13,JNJ,Health Care,2,2
95,2025-04-04,2025-08-13,JPM,Financials,0,5
95,2025-04-04,2025-08-13,KO,Consumer Staples,2,2
95,2025-04-04,2025-08-13,LIN,Materials,0,1
95,2025-04-04,2025-08-13,LLY,Health Care,4,4
95,2025-04-04,2025-08-13,MA,Financials,0,1
95,2025-04-04,2025-08-13,MCD,Consumer Discretionary,2,2
95,2025-04-04,2025-08-13,META,Communication Services,0,5
95,2025-04-04,2025-08-13,MS,Financials,0,5
95,2025-04-04,2025-08-13,MSFT,Information Technology,0,5
95,2025-04-04,2025-08-13,NEE,Utilities,5,2
95,2025-04-04,2025-08-13,NFLX,Communication Services,0,1
95,2025-04-04,2025-08-13,NKE,Consumer Discretionary,1,4
95,2025-04-04,2025-08-13,NVDA,Information Technology,0,5
95,2025-04-04,2025-08-13,ORCL,Information Technology,0,5
95,2025-04-04,2025-08-13,PEP,Consumer Staples,2,4
95,2025-04-04,2025-08-13,PFE,Health Care,4,4
95,2025-04-04,2025-08-13,PG,Consumer Staples,2,4
95,2025-04-04,2025-08-13,T,Communication Services,2,2
95,2025-04-04,2025-08-13,TSLA,Consumer Discretionary,0,0
95,2025-04-04,2025-08-13,UNH,Health Care,3,4
95,2025-04-04,2025-08-13,V,Financials,0,1
95,2025-04-04,2025-08-13,VZ,Communication Services,2,2
95,2025-04-04,2025-08-13,WMT,Consumer Staples,0,1
95,2025-04-04,2025-08-13,XOM,Energy,0,0
96,2025-04-21,2025-08-27,AAPL,Information Technology,1,1
96,2025-04-21,2025-08-27,AMD,Information Technology,1,1
96,2025-04-21,2025-08-27,AMT,Real Estate,0,2
96,2025-04-21,2025-08-27,AMZN,Consumer Discretionary,1,1
96,2025-04-21,2025-08-27,AVGO,Information Technology,1,1
96,2025-04-21,2025-08-27,BA,Industrials,1,1
96,2025-04-21,2025-08-27,BAC,Financials,1,1
96,2025-04-21,2025-08-27,BRK.B,Financials,1,0
96,2025-04-21,2025-08-27,CAT,Industrials,1,1
96,2025-04-21,2025-08-27,COST,Consumer Staples,4,3
96,2025-04-21,2025-08-27,CRM,Information Technology,1,1
96,2025-04-21,2025-08-27,CSCO,Information Technology,1,1
96,2025-04-21,2025-08-27,CVX,Energy,2,5
96,2025-04-21,2025-08-27,DIS,Communication Services,1,1
96,2025-04-21,2025-08-27,DUK,Utilities,0,2
96,2025-04-21,2025-08-27,GE,Industrials,4,3
96,2025-04-21,2025-08-27,GOOG,Communication Services,1,4
96,2025-04-21,2025-08-27,GOOGL,Communication Services,1,4
96,2025-04-21,2025-08-27,GS,Financials,1,1
96,2025-04-21,2025-08-27,HD,Consumer Discretionary,1,1
96,2025-04-21,2025-08-27,INTC,Information Technology,5,1
96,2025-04-21,2025-08-27,JNJ,Health Care,0,2
96,2025-04-21,2025-08-27,JPM,Financials,1,1
96,2025-04-21,2025-08-27,KO,Consumer Staples,0,2
96,2025-04-21,2025-08-27,LIN,Materials,0,2
96,2025-04-21,2025-08-27,LLY,Health Care,3,0
96,2025-04-21,2025-08-27,MA,Financials,1,1
96,2025-04-21,2025-08-27,MCD,Consumer Discretionary,0,3
96,2025-04-21,2025-08-27,META,Communication Services,1,1
96,2025-04-21,2025-08-27,MS,Financials,1,1
96,2025-04-21,2025-08-27,MSFT,Information Technology,1,1
96,2025-04-21,2025-08-27,NEE,Utilities,0,2
96,2025-04-21,2025-08-27,NFLX,Communication Services,4,3
96,2025-04-21,2025-08-27,NKE,Consumer Discretionary,1,1
96,2025-04-21,2025-08-27,NVDA,Information Technology,1,1
96,2025-04-21,2025-08-27,ORCL,Information Technology,1,1
96,2025-04-21,2025-08-27,PEP,Consumer Staples,0,2
96,2025-04-21,2025-08-27,PFE,Health Care,0,0
96,2025-04-21,2025-08-27,PG,Consumer Staples,0,2
96,2025-04-21,2025-08-27,T,Communication Services,0,2
96,2025-04-21,2025-08-27,TSLA,Consumer Discretionary,1,1
96,2025-04-21,2025-08-27,UNH,Health Care,3,0
96,2025-04-21,2025-08-27,V,Financials,1,1
96,2025-04-21,2025-08-27,VZ,Communication Services,0,2
96,2025-04-21,2025-08-27,WMT,Consumer Staples,4,3
96,2025-04-21,2025-08-27,XOM,Energy,2,5
97,2025-05-05,2025-09-11,AAPL,Information Technology,3,1
97,2025-05-05,2025-09-11,AMD,Information Technology,3,4
97,2025-05-05,2025-09-11,AMT,Real Estate,1,2
97,2025-05-05,2025-09-11,AMZN,Consumer Discretionary,3,1
97,2025-05-05,2025-09-11,AVGO,Information Technology,2,4
97,2025-05-05,2025-09-11,BA,Industrials,4,4
97,2025-05-05,2025-09-11,BAC,Financials,3,1
97,2025-05-05,2025-09-11,BRK.B,Financials,0,2
97,2025-05-05,2025-09-11,CAT,Industrials,3,1
97,2025-05-05,2025-09-11,COST,Consumer Staples,1,3
97,2025-05-05,2025-09-11,CRM,Information Technology,0,1
97,2025-05-05,2025-09-11,CSCO,Information Technology,3,1
97,2025-05-05,2025-09-11,CVX,Energy,5,0
97,2025-05-05,2025-09-11,DIS,Communication Services,3,1
97,2025-05-05,2025-09-11,DUK,Utilities,1,3
97,2025-05-05,2025-09-11,GE,Industrials,2,4
97,2025-05-05,2025-09-11,GOOG,Communication Services,3,5
97,2025-05-05,2025-09-11,GOOGL,Communication Services,3,5
97,2025-05-05,2025-09-11,GS,Financials,3,1
97,2025-05-05,2025-09-11,HD,Consumer Discretionary,0,2
97,2025-05-05,2025-09-11,INTC,Information Technology,0,2
97,2025-05-05,2025-09-11,JNJ,Health Care,0,2
97,2025-05-05,2025-09-11,JPM,Financials,3,1
97,2025-05-05,2025-09-11,KO,Consumer Staples,1,2
97,2025-05-05,2025-09-11,LIN,Materials,0,2
97,2025-05-05,2025-09-11,LLY,Health Care,0,2
97,2025-05-05,2025-09-11,MA,Financials,0,1
97,2025-05-05,2025-09-11,MCD,Consumer Discretionary,1,2
97,2025-05-05,2025-09-11,META,Communication Services,3,4
97,2025-05-05,2025-09-11,MS,Financials,3,1
97,2025-05-05,2025-09-11,MSFT,Information Technology,3,4
97,2025-05-05,2025-09-11,NEE,Utilities,1,2
97,2025-05-05,2025-09-11,NFLX,Communication Services,2,4
97,2025-05-05,2025-09-11,NKE,Consumer Discretionary,0,1
97,2025-05-05,2025-09-11,NVDA,Information Technology,3,4
97,2025-05-05,2025-09-11,ORCL,Information Technology,2,4
97,2025-05-05,2025-09-11,PEP,Consumer Staples,0,2
97,2025-05-05,2025-09-11,PFE,Health Care,0,2
97,2025-05-05,2025-09-11,PG,Consumer Staples,0,2
97,2025-05-05,2025-09-11,T,Communication Services,1,3
97,2025-05-05,2025-09-11,TSLA,Consumer Discretionary,3,1
97,2025-05-05,2025-09-11,UNH,Health Care,0,2
97,2025-05-05,2025-09-11,V,Financials,0,1
97,2025-05-05,2025-09-11,VZ,Communication Services,1,3
97,2025-05-05,2025-09-11,WMT,Consumer Staples,1,3
97,2025-05-05,2025-09-11,XOM,Energy,5,0
98,2025-05-19,2025-09-25,AAPL,Information Technology,4,2
98,2025-05-19,2025-09-25,AMD,Information Technology,2,5
98,2025-05-19,2025-09-25,AMT,Real Estate,1,1
98,2025-05-19,2025-09-25,AMZN,Consumer Discretionary,4,3
98,2025-05-19,2025-09-25,AVGO,Information Technology,2,4
98,2025-05-19,2025-09-25,BA,Industrials,5,5
98,2025-05-19,2025-09-25,BAC,Financials,4,2
98,2025-05-19,2025-09-25,BRK.B,Financials,1,1
98,2025-05-19,2025-09-25,CAT,Industrials,4,0
98,2025-05-19,2025-09-25,COST,Consumer Staples,1,1
98,2025-05-19,2025-09-25,CRM,Information Technology,4,0
98,2025-05-19,2025-09-25,CSCO,Information Technology,4,2
98,2025-05-19,2025-09-25,CVX,Energy,3,5
98,2025-05-19,2025-09-25,DIS,Communication Services,4,0
98,2025-05-19,2025-09-25,DUK,Utilities,1,1
98,2025-05-19,2025-09-25,GE,Industrials,2,4
98,2025-05-19,2025-09-25,GOOG,Communication Services,4,3
98,2025-05-19,2025-09-25,GOOGL,Communication Services,4,3
98,2025-05-19,2025-09-25,GS,Financials,4,2
98,2025-05-19,2025-09-25,HD,Consumer Discretionary,4,1
98,2025-05-19,2025-09-25,INTC,Information Technology,0,0
98,2025-05-19,2025-09-25,JNJ,Health Care,1,1
98,2025-05-19,2025-09-25,JPM,Financials,4,2
98,2025-05-19,2025-09-25,KO,Consumer Staples,1,1
98,2025-05-19,2025-09-25,LIN,Materials,4,1
98,2025-05-19,2025-09-25,LLY,Health Care,0,0
98,2025-05-19,2025-09-25,MA,Financials,4,0
98,2025-05-19,2025-09-25,MCD,Consumer Discretionary,1,1
98,2025-05-19,2025-09-25,META,Communication Services,4,4
98,2025-05-19,2025-09-25,MS,Financials,4,2
98,2025-05-19,2025-09-25,MSFT,Information Technology,4,4
98,2025-05-19,2025-09-25,NEE,Utilities,1,1
98,2025-05-19,2025-09-25,NFLX,Communication Services,2,4
98,2025-05-19,2025-09-25,NKE,Consumer Discretionary,4,0
98,2025-05-19,2025-09-25,NVDA,Information Technology,2,5
98,2025-05-19,2025-09-25,ORCL,Information Technology,2,4
98,2025-05-19,2025-09-25,PEP,Consumer Staples,1,1
98,2025-05-19,2025-09-25,PFE,Health Care,0,1
98,2025-05-19,2025-09-25,PG,Consumer Staples,1,1
98,2025-05-19,2025-09-25,T,Communication Services,1,1
98,2025-05-19,2025-09-25,TSLA,Consumer Discretionary,4,0
98,2025-05-19,2025-09-25,UNH,Health Care,0,0
98,2025-05-19,2025-09-25,V,Financials,4,0
98,2025-05-19,2025-09-25,VZ,Communication Services,1,1
98,2025-05-19,2025-09-25,WMT,Consumer Staples,1,1
98,2025-05-19,2025-09-25,XOM,Energy,3,5
99,2025-06-03,2025-10-09,AAPL,Information Technology,1,5
99,2025-06-03,2025-10-09,AMD,Information Technology,5,4
99,2025-06-03,2025-10-09,AMT,Real Estate,0,3
99,2025-06-03,2025-10-09,AMZN,Consumer Discretionary,1,5
99,2025-06-03,2025-10-09,AVGO,Information Technology,5,4
99,2025-06-03,2025-10-09,BA,Industrials,1,0
99,2025-06-03,2025-10-09,BAC,Financials,1,1
99,2025-06-03,2025-10-09,BRK.B,Financials,0,0
99,2025-06-03,2025-10-09,CAT,Industrials,1,1
99,2025-06-03,2025-10-09,COST,Consumer Staples,0,3
99,2025-06-03,2025-10-09,CRM,Information Technology,1,0
99,2025-06-03,2025-10-09,CSCO,Information Technology,1,1
99,2025-06-03,2025-10-09,CVX,Energy,3,2
99,2025-06-03,2025-10-09,DIS,Communication Services,1,0
99,2025-06-03,2025-10-09,DUK,Utilities,0,3
99,2025-06-03,2025-10-09,GE,Industrials,5,4
99,2025-06-03,2025-10-09,GOOG,Communication Services,1,5
99,2025-06-03,2025-10-09,GOOGL,Communication Services,1,5
99,2025-06-03,2025-10-09,GS,Financials,1,1
99,2025-06-03,2025-10-09,HD,Consumer Discretionary,0,3
99,2025-06-03,2025-10-09,INTC,Information Technology,2,2
99,2025-06-03,2025-10-09,JNJ,Health Care,0,3
99,2025-06-03,2025-10-09,JPM,Financials,1,1
99,2025-06-03,2025-10-09,KO,Consumer Staples,0,3
99,2025-06-03,2025-10-09,LIN,Materials,0,0
99,2025-06-03,2025-10-09,LLY,Health Care,2,2
99,2025-06-03,2025-10-09,MA,Financials,1,0
99,2025-06-03,2025-10-09,MCD,Consumer Discretionary,0,3
99,2025-06-03,2025-10-09,META,Communication Services,1,5
99,2025-06-03,2025-10-09,MS,Financials,1,1
99,2025-06-03,2025-10-09,MSFT,Information Technology,1,1
99,2025-06-03,2025-10-09,NEE,Utilities,4,3
99,2025-06-03,2025-10-09,NFLX,Communication Services,5,4
99,2025-06-03,2025-10-09,NKE,Consumer Discretionary,1,0
99,2025-06-03,2025-10-09,NVDA,Information Technology,5,4
99,2025-06-03,2025-10-09,ORCL,Information Technology,5,4
99,2025-06-03,2025-10-09,PEP,Consumer Staples,0,3
99,2025-06-03,2025-10-09,PFE,Health Care,2,2
99,2025-06-03,2025-10-09,PG,Consumer Staples,0,3
99,2025-06-03,2025-10-09,T,Communication Services,0,3
99,2025-06-03,2025-10-09,TSLA,Consumer Discretionary,1,5
99,2025-06-03,2025-10-09,UNH,Health Care,2,2
99,2025-06-03,2025-10-09,V,Financials,1,0
99,2025-06-03,2025-10-09,VZ,Communication Services,0,3
99,2025-06-03,2025-10-09,WMT,Consumer Staples,0,0
99,2025-06-03,2025-10-09,XOM,Energy,3,2
100,2025-06-17,2025-10-23,AAPL,Information Technology,0,0
100,2025-06-17,2025-10-23,AMD,Information Technology,0,5
100,2025-06-17,2025-10-23,AMT,Real Estate,1,4
100,2025-06-17,2025-10-23,AMZN,Consumer Discretionary,0,3
100,2025-06-17,2025-10-23,AVGO,Information Technology,0,3
100,2025-06-17,2025-10-23,BA,Industrials,0,3
100,2025-06-17,2025-10-23,BAC,Financials,0,5
100,2025-06-17,2025-10-23,BRK.B,Financials,1,2
100,2025-06-17,2025-10-23,CAT,Industrials,0,5
100,2025-06-17,2025-10-23,COST,Consumer Staples,1,1
100,2025-06-17,2025-10-23,CRM,Information Technology,3,3
100,2025-06-17,2025-10-23,CSCO,Information Technology,0,5
100,2025-06-17,2025-10-23,CVX,Energy,5,2
100,2025-06-17,2025-10-23,DIS,Communication Services,0,5
100,2025-06-17,2025-10-23,DUK,Utilities,1,1
100,2025-06-17,2025-10-23,GE,Industrials,0,3
100,2025-06-17,2025-10-23,GOOG,Communication Services,0,0
100,2025-06-17,2025-10-23,GOOGL,Communication Services,0,0
100,2025-06-17,2025-10-23,GS,Financials,0,5
100,2025-06-17,2025-10-23,HD,Consumer Discretionary,1,4
100,2025-06-17,2025-10-23,INTC,Information Technology,3,3
100,2025-06-17,2025-10-23,JNJ,Health Care,2,4
100,2025-06-17,2025-10-23,JPM,Financials,0,5
100,2025-06-17,2025-10-23,KO,Consumer Staples,1,4
100,2025-06-17,2025-10-23,LIN,Materials,1,2
100,2025-06-17,2025-10-23,LLY,Health Care,2,2
100,2025-06-17,2025-10-23,MA,Financials,1,2
100,2025-06-17,2025-10-23,MCD,Consumer Discretionary,1,4
100,2025-06-17,2025-10-23,META,Communication Services,0,3
100,2025-06-17,2025-10-23,MS,Financials,0,5
100,2025-06-17,2025-10-23,MSFT,Information Technology,0,3
100,2025-06-17,2025-10-23,NEE,Utilities,4,4
100,2025-06-17,2025-10-23,NFLX,Communication Services,0,3
100,2025-06-17,2025-10-23,NKE,Consumer Discretionary,0,0
100,2025-06-17,2025-10-23,NVDA,Information Technology,0,3
100,2025-06-17,2025-10-23,ORCL,Information Technology,0,3
100,2025-06-17,2025-10-23,PEP,Consumer Staples,1,4
100,2025-06-17,2025-10-23,PFE,Health Care,2,4
100,2025-06-17,2025-10-23,PG,Consumer Staples,1,4
100,2025-06-17,2025-10-23,T,Communication Services,1,4
100,2025-06-17,2025-10-23,TSLA,Consumer Discretionary,0,0
100,2025-06-17,2025-10-23,UNH,Health Care,3,2
100,2025-06-17,2025-10-23,V,Financials,1,2
100,2025-06-17,2025-10-23,VZ,Communication Services,1,4
100,2025-06-17,2025-10-23,WMT,Consumer Staples,1,1
100,2025-06-17,2025-10-23,XOM,Energy,5,2
101,2025-07-02,2025-11-06,AAPL,Information Technology,3,1
101,2025-07-02,2025-11-06,AMD,Information Technology,3,5
101,2025-07-02,2025-11-06,AMT,Real Estate,0,2
101,2025-07-02,2025-11-06,AMZN,Consumer Discretionary,3,5
101,2025-07-02,2025-11-06,AVGO,Information Technology,3,5
101,2025-07-02,2025-11-06,BA,Industrials,1,5
101,2025-07-02,2025-11-06,BAC,Financials,3,1
101,2025-07-02,2025-11-06,BRK.B,Financials,0,3
101,2025-07-02,2025-11-06,CAT,Industrials,3,1
101,2025-07-02,2025-11-06,COST,Consumer Staples,0,3
101,2025-07-02,2025-11-06,CRM,Information Technology,4,0
101,2025-07-02,2025-11-06,CSCO,Information Technology,3,1
101,2025-07-02,2025-11-06,CVX,Energy,1,4
101,2025-07-02,2025-11-06,DIS,Communication Services,0,0
101,2025-07-02,2025-11-06,DUK,Utilities,0,3
101,2025-07-02,2025-11-06,GE,Industrials,3,5
101,2025-07-02,2025-11-06,GOOG,Communication Services,3,1
101,2025-07-02,2025-11-06,GOOGL,Communication Services,3,1
101,2025-07-02,2025-11-06,GS,Financials,3,1
101,2025-07-02,2025-11-06,HD,Consumer Discretionary,0,3
101,2025-07-02,2025-11-06,INTC,Information Technology,1,5
101,2025-07-02,2025-11-06,JNJ,Health Care,0,2
101,2025-07-02,2025-11-06,JPM,Financials,3,1
101,2025-07-02,2025-11-06,KO,Consumer Staples,0,2
101,2025-07-02,2025-11-06,LIN,Materials,0,3
101,2025-07-02,2025-11-06,LLY,Health Care,2,2
101,2025-07-02,2025-11-06,MA,Financials,0,0
101,2025-07-02,2025-11-06,MCD,Consumer Discretionary,0,3
101,2025-07-02,2025-11-06,META,Communication Services,3,5
101,2025-07-02,2025-11-06,MS,Financials,3,1
101,2025-07-02,2025-11-06,MSFT,Information Technology,3,5
101,2025-07-02,2025-11-06,NEE,Utilities,5,2
101,2025-07-02,2025-11-06,NFLX,Communication Services,3,1
101,2025-07-02,2025-11-06,NKE,Consumer Discretionary,3,0
101,2025-07-02,2025-11-06,NVDA,Information Technology,3,5
101,2025-07-02,2025-11-06,ORCL,Information Technology,3,5
101,2025-07-02,2025-11-06,PEP,Consumer Staples,0,2
101,2025-07-02,2025-11-06,PFE,Health Care,2,2
101,2025-07-02,2025-11-06,PG,Consumer Staples,0,2
101,2025-07-02,2025-11-06,T,Communication Services,0,2
101,2025-07-02,2025-11-06,TSLA,Consumer Discretionary,3,5
101,2025-07-02,2025-11-06,UNH,Health Care,1,0
101,2025-07-02,2025-11-06,V,Financials,0,0
101,2025-07-02,2025-11-06,VZ,Communication Services,0,2
101,2025-07-02,2025-11-06,WMT,Consumer Staples,0,3
101,2025-07-02,2025-11-06,XOM,Energy,1,4
102,2025-07-17,2025-11-20,AAPL,Information Technology,4,2
102,2025-07-17,2025-11-20,AMD,Information Technology,4,1
102,2025-07-17,2025-11-20,AMT,Real Estate,1,3
102,2025-07-17,2025-11-20,AMZN,Consumer Discretionary,4,5
102,2025-07-17,2025-11-20,AVGO,Information Technology,4,5
102,2025-07-17,2025-11-20,BA,Industrials,4,1
102,2025-07-17,2025-11-20,BAC,Financials,4,0
102,2025-07-17,2025-11-20,BRK.B,Financials,0,2
102,2025-07-17,2025-11-20,CAT,Industrials,4,5
102,2025-07-17,2025-11-20,COST,Consumer Staples,3,2
102,2025-07-17,2025-11-20,CRM,Information Technology,5,0
102,2025-07-17,2025-11-20,CSCO,Information Technology,4,1
102,2025-07-17,2025-11-20,CVX,Energy,0,4
102,2025-07-17,2025-11-20,DIS,Communication Services,4,0
102,2025-07-17,2025-11-20,DUK,Utilities,1,3
102,2025-07-17,2025-11-20,GE,Industrials,4,5
102,2025-07-17,2025-11-20,GOOG,Communication Services,4,5
102,2025-07-17,2025-11-20,GOOGL,Communication Services,4,5
102,2025-07-17,2025-11-20,GS,Financials,4,0
102,2025-07-17,2025-11-20,HD,Consumer Discretionary,0,2
102,2025-07-17,2025-11-20,INTC,Information Technology,4,5
102,2025-07-17,2025-11-20,JNJ,Health Care,1,3
102,2025-07-17,2025-11-20,JPM,Financials,4,0
102,2025-07-17,2025-11-20,KO,Consumer Staples,1,3
102,2025-07-17,2025-11-20,LIN,Materials,0,2
102,2025-07-17,2025-11-20,LLY,Health Care,2,2
102,2025-07-17,2025-11-20,MA,Financials,0,2
102,2025-07-17,2025-11-20,MCD,Consumer Discretionary,1,2
102,2025-07-17,2025-11-20,META,Communication Services,4,5
102,2025-07-17,2025-11-20,MS,Financials,4,0
102,2025-07-17,2025-11-20,MSFT,Information Technology,4,5
102,2025-07-17,2025-11-20,NEE,Utilities,1,3
102,2025-07-17,2025-11-20,NFLX,Communication Services,4,1
102,2025-07-17,2025-11-20,NKE,Consumer Discretionary,0,2
102,2025-07-17,2025-11-20,NVDA,Information Technology,4,5
102,2025-07-17,2025-11-20,ORCL,Information Technology,4,5
102,2025-07-17,2025-11-20,PEP,Consumer Staples,1,3
102,2025-07-17,2025-11-20,PFE,Health Care,1,3
102,2025-07-17,2025-11-20,PG,Consumer Staples,1,3
102,2025-07-17,2025-11-20,T,Communication Services,1,3
102,2025-07-17,2025-11-20,TSLA,Consumer Discretionary,4,5
102,2025-07-17,2025-11-20,UNH,Health Care,0,2
102,2025-07-17,2025-11-20,V,Financials,0,2
102,2025-07-17,2025-11-20,VZ,Communication Services,1,3
102,2025-07-17,2025-11-20,WMT,Consumer Staples,3,2
102,2025-07-17,2025-11-20,XOM,Energy,0,4
103,2025-07-31,2025-12-05,AAPL,Information Technology,3,0
103,2025-07-31,2025-12-05,AMD,Information Technology,3,5
103,2025-07-31,2025-12-05,AMT,Real Estate,1,2
103,2025-07-31,2025-12-05,AMZN,Consumer Discretionary,3,0
103,2025-07-31,2025-12-05,AVGO,Information Technology,3,5
103,2025-07-31,2025-12-05,BA,Industrials,0,3
103,2025-07-31,2025-12-05,BAC,Financials,3,0
103,2025-07-31,2025-12-05,BRK.B,Financials,1,4
103,2025-07-31,2025-12-05,CAT,Industrials,3,5
103,2025-07-31,2025-12-05,COST,Consumer Staples,1,1
103,2025-07-31,2025-12-05,CRM,Information Technology,4,0
103,2025-07-31,2025-12-05,CSCO,Information Technology,3,3
103,2025-07-31,2025-12-05,CVX,Energy,2,4
103,2025-07-31,2025-12-05,DIS,Communication Services,3,3
103,2025-07-31,2025-12-05,DUK,Utilities,1,2
103,2025-07-31,2025-12-05,GE,Industrials,3,5
103,2025-07-31,2025-12-05,GOOG,Communication Services,3,0
103,2025-07-31,2025-12-05,GOOGL,Communication Services,3,0
103,2025-07-31,2025-12-05,GS,Financials,3,0
103,2025-07-31,2025-12-05,HD,Consumer Discretionary,1,3
103,2025-07-31,2025-12-05,INTC,Information Technology,0,5
103,2025-07-31,2025-12-05,JNJ,Health Care,1,2
103,2025-07-31,2025-12-05,JPM,Financials,3,0
103,2025-07-31,2025-12-05,KO,Consumer Staples,1,2
103,2025-07-31,2025-12-05,LIN,Materials,1,3
103,2025-07-31,2025-12-05,LLY,Health Care,0,3
103,2025-07-31,2025-12-05,MA,Financials,1,3
103,2025-07-31,2025-12-05,MCD,Consumer Discretionary,1,2
103,2025-07-31,2025-12-05,META,Communication Services,3,5
103,2025-07-31,2025-12-05,MS,Financials,3,0
103,2025-07-31,2025-12-05,MSFT,Information Technology,3,5
103,2025-07-31,2025-12-05,NEE,Utilities,0,2
103,2025-07-31,2025-12-05,NFLX,Communication Services,5,0
103,2025-07-31,2025-12-05,NKE,Consumer Discretionary,0,3
103,2025-07-31,2025-12-05,NVDA,Information Technology,3,5
103,2025-07-31,2025-12-05,ORCL,Information Technology,3,5
103,2025-07-31,2025-12-05,PEP,Consumer Staples,1,2
103,2025-07-31,2025-12-05,PFE,Health Care,0,3
103,2025-07-31,2025-12-05,PG,Consumer Staples,1,2
103,2025-07-31,2025-12-05,T,Communication Services,1,2
103,2025-07-31,2025-12-05,TSLA,Consumer Discretionary,3,0
103,2025-07-31,2025-12-05,UNH,Health Care,0,3
103,2025-07-31,2025-12-05,V,Financials,1,3
103,2025-07-31,2025-12-05,VZ,Communication Services,1,2
103,2025-07-31,2025-12-05,WMT,Consumer Staples,1,1
103,2025-07-31,2025-12-05,XOM,Energy,2,4
104,2025-08-14,2025-12-19,AAPL,Information Technology,0,2
104,2025-08-14,2025-12-19,AMD,Information Technology,0,1
104,2025-08-14,2025-12-19,AMT,Real Estate,1,3
104,2025-08-14,2025-12-19,AMZN,Consumer Discretionary,0,1
104,2025-08-14,2025-12-19,AVGO,Information Technology,0,1
104,2025-08-14,2025-12-19,BA,Industrials,0,1
104,2025-08-14,2025-12-19,BAC,Financials,0,0
104,2025-08-14,2025-12-19,BRK.B,Financials,1,2
104,2025-08-14,2025-12-19,CAT,Industrials,0,1
104,2025-08-14,2025-12-19,COST,Consumer Staples,1,2
104,2025-08-14,2025-12-19,CRM,Information Technology,3,0
104,2025-08-14,2025-12-19,CSCO,Information Technology,0,1
104,2025-08-14,2025-12-19,CVX,Energy,5,4
104,2025-08-14,2025-12-19,DIS,Communication Services,0,0
104,2025-08-14,2025-12-19,DUK,Utilities,1,3
104,2025-08-14,2025-12-19,GE,Industrials,0,1
104,2025-08-14,2025-12-19,GOOG,Communication Services,0,1
104,2025-08-14,2025-12-19,GOOGL,Communication Services,0,1
104,2025-08-14,2025-12-19,GS,Financials,0,0
104,2025-08-14,2025-12-19,HD,Consumer Discretionary,1,2
104,2025-08-14,2025-12-19,INTC,Information Technology,0,1
104,2025-08-14,2025-12-19,JNJ,Health Care,1,2
104,2025-08-14,2025-12-19,JPM,Financials,0,0
104,2025-08-14,2025-12-19,KO,Consumer Staples,1,3
104,2025-08-14,2025-12-19,LIN,Materials,1,2
104,2025-08-14,2025-12-19,LLY,Health Care,2,5
104,2025-08-14,2025-12-19,MA,Financials,1,2
104,2025-08-14,2025-12-19,MCD,Consumer Discretionary,1,3
104,2025-08-14,2025-12-19,META,Communication Services,0,1
104,2025-08-14,2025-12-19,MS,Financials,0,0
104,2025-08-14,2025-12-19,MSFT,Information Technology,0,1
104,2025-08-14,2025-12-19,NEE,Utilities,2,5
104,2025-08-14,2025-12-19,NFLX,Communication Services,4,1
104,2025-08-14,2025-12-19,NKE,Consumer Discretionary,2,5
104,2025-08-14,2025-12-19,NVDA,Information Technology,0,1
104,2025-08-14,2025-12-19,ORCL,Information Technology,0,1
104,2025-08-14,2025-12-19,PEP,Consumer Staples,1,3
104,2025-08-14,2025-12-19,PFE,Health Care,2,5
104,2025-08-14,2025-12-19,PG,Consumer Staples,1,3
104,2025-08-14,2025-12-19,T,Communication Services,1,3
104,2025-08-14,2025-12-19,TSLA,Consumer Discretionary,0,1
104,2025-08-14,2025-12-19,UNH,Health Care,2,2
104,2025-08-14,2025-12-19,V,Financials,1,2
104,2025-08-14,2025-12-19,VZ,Communication Services,1,3
104,2025-08-14,2025-12-19,WMT,Consumer Staples,1,2
104,2025-08-14,2025-12-19,XOM,Energy,5,4
105,2025-08-28,2026-01-06,AAPL,Information Technology,1,2
105,2025-08-28,2026-01-06,AMD,Information Technology,1,1
105,2025-08-28,2026-01-06,AMT,Real Estate,0,3
105,2025-08-28,2026-01-06,AMZN,Consumer Discretionary,1,1
105,2025-08-28,2026-01-06,AVGO,Information Technology,1,1
105,2025-08-28,2026-01-06,BA,Industrials,1,1
105,2025-08-28,2026-01-06,BAC,Financials,2,0
105,2025-08-28,2026-01-06,BRK.B,Financials,0,2
105,2025-08-28,2026-01-06,CAT,Industrials,1,1
105,2025-08-28,2026-01-06,COST,Consumer Staples,2,2
105,2025-08-28,2026-01-06,CRM,Information Technology,4,0
105,2025-08-28,2026-01-06,CSCO,Information Technology,1,1
105,2025-08-28,2026-01-06,CVX,Energy,5,4
105,2025-08-28,2026-01-06,DIS,Communication Services,2,0
105,2025-08-28,2026-01-06,DUK,Utilities,0,3
105,2025-08-28,2026-01-06,GE,Industrials,1,1
105,2025-08-28,2026-01-06,GOOG,Communication Services,1,1
105,2025-08-28,2026-01-06,GOOGL,Communication Services,1,1
105,2025-08-28,2026-01-06,GS,Financials,2,0
105,2025-08-28,2026-01-06,HD,Consumer Discretionary,2,2
105,2025-08-28,2026-01-06,INTC,Information Technology,1,1
105,2025-08-28,2026-01-06,JNJ,Health Care,0,3
105,2025-08-28,2026-01-06,JPM,Financials,2,0
105,2025-08-28,2026-01-06,KO,Consumer Staples,0,3
105,2025-08-28,2026-01-06,LIN,Materials,2,2
105,2025-08-28,2026-01-06,LLY,Health Care,0,5
105,2025-08-28,2026-01-06,MA,Financials,2,2
105,2025-08-28,2026-01-06,MCD,Consumer Discretionary,0,3
105,2025-08-28,2026-01-06,META,Communication Services,1,1
105,2025-08-28,2026-01-06,MS,Financials,2,0
105,2025-08-28,2026-01-06,MSFT,Information Technology,1,1
105,2025-08-28,2026-01-06,NEE,Utilities,0,1
105,2025-08-28,2026-01-06,NFLX,Communication Services,3,1
105,2025-08-28,2026-01-06,NKE,Consumer Discretionary,0,5
105,2025-08-28,2026-01-06,NVDA,Information Technology,1,1
105,2025-08-28,2026-01-06,ORCL,Information Technology,1,1
105,2025-08-28,2026-01-06,PEP,Consumer Staples,0,3
105,2025-08-28,2026-01-06,PFE,Health Care,0,5
105,2025-08-28,2026-01-06,PG,Consumer Staples,0,3
105,2025-08-28,2026-01-06,T,Communication Services,0,3
105,2025-08-28,2026-01-06,TSLA,Consumer Discretionary,1,1
105,2025-08-28,2026-01-06,UNH,Health Care,2,2
105,2025-08-28,2026-01-06,V,Financials,2,2
105,2025-08-28,2026-01-06,VZ,Communication Services,0,5
105,2025-08-28,2026-01-06,WMT,Consumer Staples,2,2
105,2025-08-28,2026-01-06,XOM,Energy,5,4
106,2025-09-12,2026-01-21,AAPL,Information Technology,4,3
106,2025-09-12,2026-01-21,AMD,Information Technology,1,4
106,2025-09-12,2026-01-21,AMT,Real Estate,0,1
106,2025-09-12,2026-01-21,AMZN,Consumer Discretionary,1,4
106,2025-09-12,2026-01-21,AVGO,Information Technology,1,4
106,2025-09-12,2026-01-21,BA,Industrials,1,4
106,2025-09-12,2026-01-21,BAC,Financials,3,3
106,2025-09-12,2026-01-21,BRK.B,Financials,0,1
106,2025-09-12,2026-01-21,CAT,Industrials,1,3
106,2025-09-12,2026-01-21,COST,Consumer Staples,0,1
106,2025-09-12,2026-01-21,CRM,Information Technology,1,2
106,2025-09-12,2026-01-21,CSCO,Information Technology,1,4
106,2025-09-12,2026-01-21,CVX,Energy,5,0
106,2025-09-12,2026-01-21,DIS,Communication Services,3,2
106,2025-09-12,2026-01-21,DUK,Utilities,0,1
106,2025-09-12,2026-01-21,GE,Industrials,1,4
106,2025-09-12,2026-01-21,GOOG,Communication Services,1,3
106,2025-09-12,2026-01-21,GOOGL,Communication Services,1,3
106,2025-09-12,2026-01-21,GS,Financials,3,3
106,2025-09-12,2026-01-21,HD,Consumer Discretionary,0,1
106,2025-09-12,2026-01-21,INTC,Information Technology,1,4
106,2025-09-12,2026-01-21,JNJ,Health Care,0,5
106,2025-09-12,2026-01-21,JPM,Financials,3,3
106,2025-09-12,2026-01-21,KO,Consumer Staples,0,1
106,2025-09-12,2026-01-21,LIN,Materials,3,1
106,2025-09-12,2026-01-21,LLY,Health Care,2,5
106,2025-09-12,2026-01-21,MA,Financials,3,2
106,2025-09-12,2026-01-21,MCD,Consumer Discretionary,0,1
106,2025-09-12,2026-01-21,META,Communication Services,1,4
106,2025-09-12,2026-01-21,MS,Financials,3,3
106,2025-09-12,2026-01-21,MSFT,Information Technology,1,4
106,2025-09-12,2026-01-21,NEE,Utilities,0,3
106,2025-09-12,2026-01-21,NFLX,Communication Services,4,0
106,2025-09-12,2026-01-21,NKE,Consumer Discretionary,2,2
106,2025-09-12,2026-01-21,NVDA,Information Technology,1,4
106,2025-09-12,2026-01-21,ORCL,Information Technology,1,4
106,2025-09-12,2026-01-21,PEP,Consumer Staples,0,1
106,2025-09-12,2026-01-21,PFE,Health Care,2,5
106,2025-09-12,2026-01-21,PG,Consumer Staples,0,0
106,2025-09-12,2026-01-21,T,Communication Services,0,0
106,2025-09-12,2026-01-21,TSLA,Consumer Discretionary,1,4
106,2025-09-12,2026-01-21,UNH,Health Care,3,2
106,2025-09-12,2026-01-21,V,Financials,3,2
106,2025-09-12,2026-01-21,VZ,Communication Services,0,0
106,2025-09-12,2026-01-21,WMT,Consumer Staples,0,1
106,2025-09-12,2026-01-21,XOM,Energy,5,0
107,2025-09-26,2026-02-04,AAPL,Information Technology,2,0
107,2025-09-26,2026-02-04,AMD,Information Technology,2,2
107,2025-09-26,2026-02-04,AMT,Real Estate,1,3
107,2025-09-26,2026-02-04,AMZN,Consumer Discretionary,2,2
107,2025-09-26,2026-02-04,AVGO,Information Technology,2,2
107,2025-09-26,2026-02-04,BA,Industrials,2,4
107,2025-09-26,2026-02-04,BAC,Financials,2,4
107,2025-09-26,2026-02-04,BRK.B,Financials,3,1
107,2025-09-26,2026-02-04,CAT,Industrials,2,2
107,2025-09-26,2026-02-04,COST,Consumer Staples,3,1
107,2025-09-26,2026-02-04,CRM,Information Technology,0,4
107,2025-09-26,2026-02-04,CSCO,Information Technology,2,0
107,2025-09-26,2026-02-04,CVX,Energy,4,5
107,2025-09-26,2026-02-04,DIS,Communication Services,4,1
107,2025-09-26,2026-02-04,DUK,Utilities,1,3
107,2025-09-26,2026-02-04,GE,Industrials,2,4
107,2025-09-26,2026-02-04,GOOG,Communication Services,2,2
107,2025-09-26,2026-02-04,GOOGL,Communication Services,2,2
107,2025-09-26,2026-02-04,GS,Financials,2,4
107,2025-09-26,2026-02-04,HD,Consumer Discretionary,3,1
107,2025-09-26,2026-02-04,INTC,Information Technology,2,2
107,2025-09-26,2026-02-04,JNJ,Health Care,1,3
107,2025-09-26,2026-02-04,JPM,Financials,2,4
107,2025-09-26,2026-02-04,KO,Consumer Staples,1,3
107,2025-09-26,2026-02-04,LIN,Materials,3,1
107,2025-09-26,2026-02-04,LLY,Health Care,5,0
107,2025-09-26,2026-02-04,MA,Financials,3,1
107,2025-09-26,2026-02-04,MCD,Consumer Discretionary,3,1
107,2025-09-26,2026-02-04,META,Communication Services,2,2
107,2025-09-26,2026-02-04,MS,Financials,2,4
107,2025-09-26,2026-02-04,MSFT,Information Technology,0,0
107,2025-09-26,2026-02-04,NEE,Utilities,1,3
107,2025-09-26,2026-02-04,NFLX,Communication Services,0,0
107,2025-09-26,2026-02-04,NKE,Consumer Discretionary,5,1
107,2025-09-26,2026-02-04,NVDA,Information Technology,2,2
107,2025-09-26,2026-02-04,ORCL,Information Technology,2,2
107,2025-09-26,2026-02-04,PEP,Consumer Staples,1,3
107,2025-09-26,2026-02-04,PFE,Health Care,5,0
107,2025-09-26,2026-02-04,PG,Consumer Staples,1,3
107,2025-09-26,2026-02-04,T,Communication Services,1,3
107,2025-09-26,2026-02-04,TSLA,Consumer Discretionary,2,2
107,2025-09-26,2026-02-04,UNH,Health Care,3,1
107,2025-09-26,2026-02-04,V,Financials,3,1
107,2025-09-26,2026-02-04,VZ,Communication Services,1,5
107,2025-09-26,2026-02-04,WMT,Consumer Staples,3,3
107,2025-09-26,2026-02-04,XOM,Energy,4,5
108,2025-10-10,2026-02-19,AAPL,Information Technology,4,3
108,2025-10-10,2026-02-19,AMD,Information Technology,4,1
108,2025-10-10,2026-02-19,AMT,Real Estate,1,2
108,2025-10-10,2026-02-19,AMZN,Consumer Discretionary,4,4
108,2025-10-10,2026-02-19,AVGO,Information Technology,4,1
108,2025-10-10,2026-02-19,BA,Industrials,2,1
108,2025-10-10,2026-02-19,BAC,Financials,4,3
108,2025-10-10,2026-02-19,BRK.B,Financials,0,3
108,2025-10-10,2026-02-19,CAT,Industrials,4,1
108,2025-10-10,2026-02-19,COST,Consumer Staples,0,0
108,2025-10-10,2026-02-19,CRM,Information Technology,2,4
108,2025-10-10,2026-02-19,CSCO,Information Technology,4,1
108,2025-10-10,2026-02-19,CVX,Energy,3,5
108,2025-10-10,2026-02-19,DIS,Communication Services,0,5
108,2025-10-10,2026-02-19,DUK,Utilities,1,2
108,2025-10-10,2026-02-19,GE,Industrials,4,1
108,2025-10-10,2026-02-19,GOOG,Communication Services,4,1
108,2025-10-10,2026-02-19,GOOGL,Communication Services,4,1
108,2025-10-10,2026-02-19,GS,Financials,4,1
108,2025-10-10,2026-02-19,HD,Consumer Discretionary,0,0
108,2025-10-10,2026-02-19,INTC,Information Technology,4,1
108,2025-10-10,2026-02-19,JNJ,Health Care,1,2
108,2025-10-10,2026-02-19,JPM,Financials,4,3
108,2025-10-10,2026-02-19,KO,Consumer Staples,1,2
108,2025-10-10,2026-02-19,LIN,Materials,0,0
108,2025-10-10,2026-02-19,LLY,Health Care,0,4
108,2025-10-10,2026-02-19,MA,Financials,0,3
108,2025-10-10,2026-02-19,MCD,Consumer Discretionary,1,2
108,2025-10-10,2026-02-19,META,Communication Services,4,1
108,2025-10-10,2026-02-19,MS,Financials,4,1
108,2025-10-10,2026-02-19,MSFT,Information Technology,2,4
108,2025-10-10,2026-02-19,NEE,Utilities,1,2
108,2025-10-10,2026-02-19,NFLX,Communication Services,5,5
108,2025-10-10,2026-02-19,NKE,Consumer Discretionary,0,5
108,2025-10-10,2026-02-19,NVDA,Information Technology,4,1
108,2025-10-10,2026-02-19,ORCL,Information Technology,4,1
108,2025-10-10,2026-02-19,PEP,Consumer Staples,1,2
108,2025-10-10,2026-02-19,PFE,Health Care,0,5
108,2025-10-10,2026-02-19,PG,Consumer Staples,1,0
108,2025-10-10,2026-02-19,T,Communication Services,1,2
108,2025-10-10,2026-02-19,TSLA,Consumer Discretionary,4,1
108,2025-10-10,2026-02-19,UNH,Health Care,0,0
108,2025-10-10,2026-02-19,V,Financials,0,3
108,2025-10-10,2026-02-19,VZ,Communication Services,1,2
108,2025-10-10,2026-02-19,WMT,Consumer Staples,0,2
108,2025-10-10,2026-02-19,XOM,Energy,3,5
109,2025-10-24,2026-03-05,AAPL,Information Technology,2,1
109,2025-10-24,2026-03-05,AMD,Information Technology,4,2
109,2025-10-24,2026-03-05,AMT,Real Estate,0,0
109,2025-10-24,2026-03-05,AMZN,Consumer Discretionary,4,5
109,2025-10-24,2026-03-05,AVGO,Information Technology,4,2
109,2025-10-24,2026-03-05,BA,Industrials,4,2
109,2025-10-24,2026-03-05,BAC,Financials,2,1
109,2025-10-24,2026-03-05,BRK.B,Financials,0,4
109,2025-10-24,2026-03-05,CAT,Industrials,4,2
109,2025-10-24,2026-03-05,COST,Consumer Staples,0,4
109,2025-10-24,2026-03-05,CRM,Information Technology,3,5
109,2025-10-24,2026-03-05,CSCO,Information Technology,4,2
109,2025-10-24,2026-03-05,CVX,Energy,5,3
109,2025-10-24,2026-03-05,DIS,Communication Services,1,1
109,2025-10-24,2026-03-05,DUK,Utilities,0,0
109,2025-10-24,2026-03-05,GE,Industrials,4,1
109,2025-10-24,2026-03-05,GOOG,Communication Services,4,5
109,2025-10-24,2026-03-05,GOOGL,Communication Services,4,5
109,2025-10-24,2026-03-05,GS,Financials,2,1
109,2025-10-24,2026-03-05,HD,Consumer Discretionary,1,4
109,2025-10-24,2026-03-05,INTC,Information Technology,4,2
109,2025-10-24,2026-03-05,JNJ,Health Care,0,4
109,2025-10-24,2026-03-05,JPM,Financials,2,1
109,2025-10-24,2026-03-05,KO,Consumer Staples,0,4
109,2025-10-24,2026-03-05,LIN,Materials,1,0
109,2025-10-24,2026-03-05,LLY,Health Care,1,0
109,2025-10-24,2026-03-05,MA,Financials,2,1
109,2025-10-24,2026-03-05,MCD,Consumer Discretionary,0,4
109,2025-10-24,2026-03-05,META,Communication Services,4,5
109,2025-10-24,2026-03-05,MS,Financials,2,1
109,2025-10-24,2026-03-05,MSFT,Information Technology,3,5
109,2025-10-24,2026-03-05,NEE,Utilities,0,0
109,2025-10-24,2026-03-05,NFLX,Communication Services,3,5
109,2025-10-24,2026-03-05,NKE,Consumer Discretionary,1,4
109,2025-10-24,2026-03-05,NVDA,Information Technology,4,2
109,2025-10-24,2026-03-05,ORCL,Information Technology,4,2
109,2025-10-24,2026-03-05,PEP,Consumer Staples,0,3
109,2025-10-24,2026-03-05,PFE,Health Care,1,4
109,2025-10-24,2026-03-05,PG,Consumer Staples,0,0
109,2025-10-24,2026-03-05,T,Communication Services,0,3
109,2025-10-24,2026-03-05,TSLA,Consumer Discretionary,4,2
109,2025-10-24,2026-03-05,UNH,Health Care,1,0
109,2025-10-24,2026-03-05,V,Financials,2,1
109,2025-10-24,2026-03-05,VZ,Communication Services,0,3
109,2025-10-24,2026-03-05,WMT,Consumer Staples,0,4
109,2025-10-24,2026-03-05,XOM,Energy,5,3
110,2025-11-07,2026-03-19,AAPL,Information Technology,4,5
110,2025-11-07,2026-03-19,AMD,Information Technology,4,4
110,2025-11-07,2026-03-19,AMT,Real Estate,1,1
110,2025-11-07,2026-03-19,AMZN,Consumer Discretionary,4,3
110,2025-11-07,2026-03-19,AVGO,Information Technology,4,4
110,2025-11-07,2026-03-19,BA,Industrials,2,4
110,2025-11-07,2026-03-19,BAC,Financials,4,5
110,2025-11-07,2026-03-19,BRK.B,Financials,1,5
110,2025-11-07,2026-03-19,CAT,Industrials,4,4
110,2025-11-07,2026-03-19,COST,Consumer Staples,1,1
110,2025-11-07,2026-03-19,CRM,Information Technology,3,2
110,2025-11-07,2026-03-19,CSCO,Information Technology,4,4
110,2025-11-07,2026-03-19,CVX,Energy,5,0
110,2025-11-07,2026-03-19,DIS,Communication Services,0,2
110,2025-11-07,2026-03-19,DUK,Utilities,1,0
110,2025-11-07,2026-03-19,GE,Industrials,2,4
110,2025-11-07,2026-03-19,GOOG,Communication Services,4,3
110,2025-11-07,2026-03-19,GOOGL,Communication Services,4,3
110,2025-11-07,2026-03-19,GS,Financials,4,4
110,2025-11-07,2026-03-19,HD,Consumer Discretionary,0,5
110,2025-11-07,2026-03-19,INTC,Information Technology,4,4
110,2025-11-07,2026-03-19,JNJ,Health Care,1,1
110,2025-11-07,2026-03-19,JPM,Financials,4,5
110,2025-11-07,2026-03-19,KO,Consumer Staples,1,1
110,2025-11-07,2026-03-19,LIN,Materials,1,5
110,2025-11-07,2026-03-19,LLY,Health Care,0,1
110,2025-11-07,2026-03-19,MA,Financials,4,5
110,2025-11-07,2026-03-19,MCD,Consumer Discretionary,1,1
110,2025-11-07,2026-03-19,META,Communication Services,4,3
110,2025-11-07,2026-03-19,MS,Financials,4,4
110,2025-11-07,2026-03-19,MSFT,Information Technology,3,2
110,2025-11-07,2026-03-19,NEE,Utilities,1,0
110,2025-11-07,2026-03-19,NFLX,Communication Services,3,2
110,2025-11-07,2026-03-19,NKE,Consumer Discretionary,0,5
110,2025-11-07,2026-03-19,NVDA,Information Technology,4,4
110,2025-11-07,2026-03-19,ORCL,Information Technology,4,4
110,2025-11-07,2026-03-19,PEP,Consumer Staples,1,1
110,2025-11-07,2026-03-19,PFE,Health Care,0,5
110,2025-11-07,2026-03-19,PG,Consumer Staples,1,1
110,2025-11-07,2026-03-19,T,Communication Services,1,0
110,2025-11-07,2026-03-19,TSLA,Consumer Discretionary,4,3
110,2025-11-07,2026-03-19,UNH,Health Care,0,5
110,2025-11-07,2026-03-19,V,Financials,4,5
110,2025-11-07,2026-03-19,VZ,Communication Services,1,0
110,2025-11-07,2026-03-19,WMT,Consumer Staples,1,1
110,2025-11-07,2026-03-19,XOM,Energy,5,0
111,2025-11-21,2026-04-02,AAPL,Information Technology,3,4
111,2025-11-21,2026-04-02,AMD,Information Technology,3,0
111,2025-11-21,2026-04-02,AMT,Real Estate,1,3
111,2025-11-21,2026-04-02,AMZN,Consumer Discretionary,3,0
111,2025-11-21,2026-04-02,AVGO,Information Technology,3,0
111,2025-11-21,2026-04-02,BA,Industrials,3,1
111,2025-11-21,2026-04-02,BAC,Financials,3,4
111,2025-11-21,2026-04-02,BRK.B,Financials,4,2
111,2025-11-21,2026-04-02,CAT,Industrials,3,4
111,2025-11-21,2026-04-02,COST,Consumer Staples,1,1
111,2025-11-21,2026-04-02,CRM,Information Technology,2,5
111,2025-11-21,2026-04-02,CSCO,Information Technology,3,4
111,2025-11-21,2026-04-02,CVX,Energy,0,3
111,2025-11-21,2026-04-02,DIS,Communication Services,4,5
111,2025-11-21,2026-04-02,DUK,Utilities,1,3
111,2025-11-21,2026-04-02,GE,Industrials,3,4
111,2025-11-21,2026-04-02,GOOG,Communication Services,3,0
111,2025-11-21,2026-04-02,GOOGL,Communication Services,3,0
111,2025-11-21,2026-04-02,GS,Financials,3,4
111,2025-11-21,2026-04-02,HD,Consumer Discretionary,4,1
111,2025-11-21,2026-04-02,INTC,Information Technology,3,0
111,2025-11-21,2026-04-02,JNJ,Health Care,1,1
111,2025-11-21,2026-04-02,JPM,Financials,3,2
111,2025-11-21,2026-04-02,KO,Consumer Staples,1,1
111,2025-11-21,2026-04-02,LIN,Materials,1,1
111,2025-11-21,2026-04-02,LLY,Health Care,4,1
111,2025-11-21,2026-04-02,MA,Financials,3,2
111,2025-11-21,2026-04-02,MCD,Consumer Discretionary,1,1
111,2025-11-21,2026-04-02,META,Communication Services,3,0
111,2025-11-21,2026-04-02,MS,Financials,3,4
111,2025-11-21,2026-04-02,MSFT,Information Technology,2,5
111,2025-11-21,2026-04-02,NEE,Utilities,1,1
111,2025-11-21,2026-04-02,NFLX,Communication Services,2,5
111,2025-11-21,2026-04-02,NKE,Consumer Discretionary,4,2
111,2025-11-21,2026-04-02,NVDA,Information Technology,3,0
111,2025-11-21,2026-04-02,ORCL,Information Technology,3,5
111,2025-11-21,2026-04-02,PEP,Consumer Staples,1,1
111,2025-11-21,2026-04-02,PFE,Health Care,4,2
111,2025-11-21,2026-04-02,PG,Consumer Staples,1,1
111,2025-11-21,2026-04-02,T,Communication Services,0,3
111,2025-11-21,2026-04-02,TSLA,Consumer Discretionary,3,0
111,2025-11-21,2026-04-02,UNH,Health Care,5,2
111,2025-11-21,2026-04-02,V,Financials,3,2
111,2025-11-21,2026-04-02,VZ,Communication Services,0,3
111,2025-11-21,2026-04-02,WMT,Consumer Staples,1,1
111,2025-11-21,2026-04-02,XOM,Energy,0,3
112,2025-12-08,2026-04-17,AAPL,Information Technology,3,3
112,2025-12-08,2026-04-17,AMD,Information Technology,3,0
112,2025-12-08,2026-04-17,AMT,Real Estate,1,1
112,2025-12-08,2026-04-17,AMZN,Consumer Discretionary,3,0
112,2025-12-08,2026-04-17,AVGO,Information Technology,3,0
112,2025-12-08,2026-04-17,BA,Industrials,3,3
112,2025-12-08,2026-04-17,BAC,Financials,3,3
112,2025-12-08,2026-04-17,BRK.B,Financials,2,2
112,2025-12-08,2026-04-17,CAT,Industrials,3,3
112,2025-12-08,2026-04-17,COST,Consumer Staples,1,1
112,2025-12-08,2026-04-17,CRM,Information Technology,0,5
112,2025-12-08,2026-04-17,CSCO,Information Technology,3,3
112,2025-12-08,2026-04-17,CVX,Energy,5,4
112,2025-12-08,2026-04-17,DIS,Communication Services,2,3
112,2025-12-08,2026-04-17,DUK,Utilities,1,1
112,2025-12-08,2026-04-17,GE,Industrials,3,3
112,2025-12-08,2026-04-17,GOOG,Communication Services,3,0
112,2025-12-08,2026-04-17,GOOGL,Communication Services,3,0
112,2025-12-08,2026-04-17,GS,Financials,3,3
112,2025-12-08,2026-04-17,HD,Consumer Discretionary,2,1
112,2025-12-08,2026-04-17,INTC,Information Technology,3,0
112,2025-12-08,2026-04-17,JNJ,Health Care,1,1
112,2025-12-08,2026-04-17,JPM,Financials,3,3
112,2025-12-08,2026-04-17,KO,Consumer Staples,1,1
112,2025-12-08,2026-04-17,LIN,Materials,1,1
112,2025-12-08,2026-04-17,LLY,Health Care,2,1
112,2025-12-08,2026-04-17,MA,Financials,3,2
112,2025-12-08,2026-04-17,MCD,Consumer Discretionary,1,1
112,2025-12-08,2026-04-17,META,Communication Services,3,0
112,2025-12-08,2026-04-17,MS,Financials,3,3
112,2025-12-08,2026-04-17,MSFT,Information Technology,0,5
112,2025-12-08,2026-04-17,NEE,Utilities,1,1
112,2025-12-08,2026-04-17,NFLX,Communication Services,0,5
112,2025-12-08,2026-04-17,NKE,Consumer Discretionary,2,2
112,2025-12-08,2026-04-17,NVDA,Information Technology,3,0
112,2025-12-08,2026-04-17,ORCL,Information Technology,0,5
112,2025-12-08,2026-04-17,PEP,Consumer Staples,1,1
112,2025-12-08,2026-04-17,PFE,Health Care,2,2
112,2025-12-08,2026-04-17,PG,Consumer Staples,1,1
112,2025-12-08,2026-04-17,T,Communication Services,5,4
112,2025-12-08,2026-04-17,TSLA,Consumer Discretionary,3,0
112,2025-12-08,2026-04-17,UNH,Health Care,4,3
112,2025-12-08,2026-04-17,V,Financials,3,2
112,2025-12-08,2026-04-17,VZ,Communication Services,5,4
112,2025-12-08,2026-04-17,WMT,Consumer Staples,1,1
112,2025-12-08,2026-04-17,XOM,Energy,5,4
113,2025-12-22,2026-05-01,AAPL,Information Technology,1,3
113,2025-12-22,2026-05-01,AMD,Information Technology,1,3
113,2025-12-22,2026-05-01,AMT,Real Estate,3,1
113,2025-12-22,2026-05-01,AMZN,Consumer Discretionary,1,2
113,2025-12-22,2026-05-01,AVGO,Information Technology,1,3
113,2025-12-22,2026-05-01,BA,Industrials,1,3
113,2025-12-22,2026-05-01,BAC,Financials,1,2
113,2025-12-22,2026-05-01,BRK.B,Financials,4,4
113,2025-12-22,2026-05-01,CAT,Industrials,1,3
113,2025-12-22,2026-05-01,COST,Consumer Staples,3,4
113,2025-12-22,2026-05-01,CRM,Information Technology,0,5
113,2025-12-22,2026-05-01,CSCO,Information Technology,1,3
113,2025-12-22,2026-05-01,CVX,Energy,2,1
113,2025-12-22,2026-05-01,DIS,Communication Services,1,0
113,2025-12-22,2026-05-01,DUK,Utilities,3,1
113,2025-12-22,2026-05-01,GE,Industrials,1,3
113,2025-12-22,2026-05-01,GOOG,Communication Services,1,3
113,2025-12-22,2026-05-01,GOOGL,Communication Services,1,3
113,2025-12-22,2026-05-01,GS,Financials,1,2
113,2025-12-22,2026-05-01,HD,Consumer Discretionary,1,4
113,2025-12-22,2026-05-01,INTC,Information Technology,1,3
113,2025-12-22,2026-05-01,JNJ,Health Care,3,4
113,2025-12-22,2026-05-01,JPM,Financials,1,2
113,2025-12-22,2026-05-01,KO,Consumer Staples,3,4
113,2025-12-22,2026-05-01,LIN,Materials,3,1
113,2025-12-22,2026-05-01,LLY,Health Care,3,4
113,2025-12-22,2026-05-01,MA,Financials,4,2
113,2025-12-22,2026-05-01,MCD,Consumer Discretionary,3,4
113,2025-12-22,2026-05-01,META,Communication Services,1,2
113,2025-12-22,2026-05-01,MS,Financials,1,2
113,2025-12-22,2026-05-01,MSFT,Information Technology,0,5
113,2025-12-22,2026-05-01,NEE,Utilities,3,1
113,2025-12-22,2026-05-01,NFLX,Communication Services,0,5
113,2025-12-22,2026-05-01,NKE,Consumer Discretionary,1,0
113,2025-12-22,2026-05-01,NVDA,Information Technology,1,3
113,2025-12-22,2026-05-01,ORCL,Information Technology,0,5
113,2025-12-22,2026-05-01,PEP,Consumer Staples,3,1
113,2025-12-22,2026-05-01,PFE,Health Care,1,0
113,2025-12-22,2026-05-01,PG,Consumer Staples,3,4
113,2025-12-22,2026-05-01,T,Communication Services,2,1
113,2025-12-22,2026-05-01,TSLA,Consumer Discretionary,1,3
113,2025-12-22,2026-05-01,UNH,Health Care,5,2
113,2025-12-22,2026-05-01,V,Financials,4,2
113,2025-12-22,2026-05-01,VZ,Communication Services,2,1
113,2025-12-22,2026-05-01,WMT,Consumer Staples,3,4
113,2025-12-22,2026-05-01,XOM,Energy,2,1
114,2026-01-07,2026-05-15,AAPL,Information Technology,3,3
114,2026-01-07,2026-05-15,AMD,Information Technology,3,4
114,2026-01-07,2026-05-15,AMT,Real Estate,1,1
114,2026-01-07,2026-05-15,AMZN,Consumer Discretionary,3,3
114,2026-01-07,2026-05-15,AVGO,Information Technology,3,4
114,2026-01-07,2026-05-15,BA,Industrials,3,2
114,2026-01-07,2026-05-15,BAC,Financials,3,3
114,2026-01-07,2026-05-15,BRK.B,Financials,0,1
114,2026-01-07,2026-05-15,CAT,Industrials,3,4
114,2026-01-07,2026-05-15,COST,Consumer Staples,1,1
114,2026-01-07,2026-05-15,CRM,Information Technology,2,5
114,2026-01-07,2026-05-15,CSCO,Information Technology,3,5
114,2026-01-07,2026-05-15,CVX,Energy,5,0
114,2026-01-07,2026-05-15,DIS,Communication Services,3,2
114,2026-01-07,2026-05-15,DUK,Utilities,1,0
114,2026-01-07,2026-05-15,GE,Industrials,3,4
114,2026-01-07,2026-05-15,GOOG,Communication Services,3,3
114,2026-01-07,2026-05-15,GOOGL,Communication Services,3,3
114,2026-01-07,2026-05-15,GS,Financials,3,4
114,2026-01-07,2026-05-15,HD,Consumer Discretionary,3,2
114,2026-01-07,2026-05-15,INTC,Information Technology,3,4
114,2026-01-07,2026-05-15,JNJ,Health Care,1,1
114,2026-01-07,2026-05-15,JPM,Financials,3,3
114,2026-01-07,2026-05-15,KO,Consumer Staples,1,1
114,2026-01-07,2026-05-15,LIN,Materials,1,1
114,2026-01-07,2026-05-15,LLY,Health Care,1,1
114,2026-01-07,2026-05-15,MA,Financials,0,3
114,2026-01-07,2026-05-15,MCD,Consumer Discretionary,1,1
114,2026-01-07,2026-05-15,META,Communication Services,3,3
114,2026-01-07,2026-05-15,MS,Financials,3,3
114,2026-01-07,2026-05-15,MSFT,Information Technology,2,5
114,2026-01-07,2026-05-15,NEE,Utilities,1,0
114,2026-01-07,2026-05-15,NFLX,Communication Services,0,2
114,2026-01-07,2026-05-15,NKE,Consumer Discretionary,3,2
114,2026-01-07,2026-05-15,NVDA,Information Technology,3,4
114,2026-01-07,2026-05-15,ORCL,Information Technology,2,5
114,2026-01-07,2026-05-15,PEP,Consumer Staples,1,1
114,2026-01-07,2026-05-15,PFE,Health Care,1,2
114,2026-01-07,2026-05-15,PG,Consumer Staples,1,1
114,2026-01-07,2026-05-15,T,Communication Services,1,0
114,2026-01-07,2026-05-15,TSLA,Consumer Discretionary,3,4
114,2026-01-07,2026-05-15,UNH,Health Care,4,3
114,2026-01-07,2026-05-15,V,Financials,0,3
114,2026-01-07,2026-05-15,VZ,Communication Services,1,0
114,2026-01-07,2026-05-15,WMT,Consumer Staples,1,1
114,2026-01-07,2026-05-15,XOM,Energy,5,0
115,2026-01-22,2026-06-01,AAPL,Information Technology,0,4
115,2026-01-22,2026-06-01,AMD,Information Technology,0,3
115,2026-01-22,2026-06-01,AMT,Real Estate,1,2
115,2026-01-22,2026-06-01,AMZN,Consumer Discretionary,0,3
115,2026-01-22,2026-06-01,AVGO,Information Technology,0,4
115,2026-01-22,2026-06-01,BA,Industrials,0,3
115,2026-01-22,2026-06-01,BAC,Financials,0,4
115,2026-01-22,2026-06-01,BRK.B,Financials,3,0
115,2026-01-22,2026-06-01,CAT,Industrials,0,4
115,2026-01-22,2026-06-01,COST,Consumer Staples,1,2
115,2026-01-22,2026-06-01,CRM,Information Technology,4,5
115,2026-01-22,2026-06-01,CSCO,Information Technology,0,4
115,2026-01-22,2026-06-01,CVX,Energy,2,1
115,2026-01-22,2026-06-01,DIS,Communication Services,0,0
115,2026-01-22,2026-06-01,DUK,Utilities,1,2
115,2026-01-22,2026-06-01,GE,Industrials,0,4
115,2026-01-22,2026-06-01,GOOG,Communication Services,0,3
115,2026-01-22,2026-06-01,GOOGL,Communication Services,0,3
115,2026-01-22,2026-06-01,GS,Financials,0,4
115,2026-01-22,2026-06-01,HD,Consumer Discretionary,1,0
115,2026-01-22,2026-06-01,INTC,Information Technology,0,3
115,2026-01-22,2026-06-01,JNJ,Health Care,1,2
115,2026-01-22,2026-06-01,JPM,Financials,0,4
115,2026-01-22,2026-06-01,KO,Consumer Staples,1,2
115,2026-01-22,2026-06-01,LIN,Materials,1,2
115,2026-01-22,2026-06-01,LLY,Health Care,1,3
115,2026-01-22,2026-06-01,MA,Financials,3,4
115,2026-01-22,2026-06-01,MCD,Consumer Discretionary,1,2
115,2026-01-22,2026-06-01,META,Communication Services,0,3
115,2026-01-22,2026-06-01,MS,Financials,0,4
115,2026-01-22,2026-06-01,MSFT,Information Technology,4,5
115,2026-01-22,2026-06-01,NEE,Utilities,1,2
115,2026-01-22,2026-06-01,NFLX,Communication Services,3,0
115,2026-01-22,2026-06-01,NKE,Consumer Discretionary,0,0
115,2026-01-22,2026-06-01,NVDA,Information Technology,0,5
115,2026-01-22,2026-06-01,ORCL,Information Technology,4,5
115,2026-01-22,2026-06-01,PEP,Consumer Staples,1,2
115,2026-01-22,2026-06-01,PFE,Health Care,1,0
115,2026-01-22,2026-06-01,PG,Consumer Staples,1,2
115,2026-01-22,2026-06-01,T,Communication Services,1,2
115,2026-01-22,2026-06-01,TSLA,Consumer Discretionary,0,3
115,2026-01-22,2026-06-01,UNH,Health Care,5,4
115,2026-01-22,2026-06-01,V,Financials,3,4
115,2026-01-22,2026-06-01,VZ,Communication Services,1,2
115,2026-01-22,2026-06-01,WMT,Consumer Staples,1,2
115,2026-01-22,2026-06-01,XOM,Energy,2,1
116,2026-02-05,2026-06-15,AAPL,Information Technology,1,3
116,2026-02-05,2026-06-15,AMD,Information Technology,1,4
116,2026-02-05,2026-06-15,AMT,Real Estate,3,1
116,2026-02-05,2026-06-15,AMZN,Consumer Discretionary,1,3
116,2026-02-05,2026-06-15,AVGO,Information Technology,1,4
116,2026-02-05,2026-06-15,BA,Industrials,1,2
116,2026-02-05,2026-06-15,BAC,Financials,1,2
116,2026-02-05,2026-06-15,BRK.B,Financials,0,1
116,2026-02-05,2026-06-15,CAT,Industrials,1,4
116,2026-02-05,2026-06-15,COST,Consumer Staples,3,1
116,2026-02-05,2026-06-15,CRM,Information Technology,4,5
116,2026-02-05,2026-06-15,CSCO,Information Technology,1,4
116,2026-02-05,2026-06-15,CVX,Energy,2,0
116,2026-02-05,2026-06-15,DIS,Communication Services,1,2
116,2026-02-05,2026-06-15,DUK,Utilities,3,0
116,2026-02-05,2026-06-15,GE,Industrials,1,2
116,2026-02-05,2026-06-15,GOOG,Communication Services,1,3
116,2026-02-05,2026-06-15,GOOGL,Communication Services,1,3
116,2026-02-05,2026-06-15,GS,Financials,1,4
116,2026-02-05,2026-06-15,HD,Consumer Discretionary,1,2
116,2026-02-05,2026-06-15,INTC,Information Technology,1,4
116,2026-02-05,2026-06-15,JNJ,Health Care,3,1
116,2026-02-05,2026-06-15,JPM,Financials,1,2
116,2026-02-05,2026-06-15,KO,Consumer Staples,3,1
116,2026-02-05,2026-06-15,LIN,Materials,5,1
116,2026-02-05,2026-06-15,LLY,Health Care,3,1
116,2026-02-05,2026-06-15,MA,Financials,0,3
116,2026-02-05,2026-06-15,MCD,Consumer Discretionary,3,1
116,2026-02-05,2026-06-15,META,Communication Services,1,3
116,2026-02-05,2026-06-15,MS,Financials,1,2
116,2026-02-05,2026-06-15,MSFT,Information Technology,4,5
116,2026-02-05,2026-06-15,NEE,Utilities,3,0
116,2026-02-05,2026-06-15,NFLX,Communication Services,0,2
116,2026-02-05,2026-06-15,NKE,Consumer Discretionary,1,2
116,2026-02-05,2026-06-15,NVDA,Information Technology,1,4
116,2026-02-05,2026-06-15,ORCL,Information Technology,4,5
116,2026-02-05,2026-06-15,PEP,Consumer Staples,3,1
116,2026-02-05,2026-06-15,PFE,Health Care,3,2
116,2026-02-05,2026-06-15,PG,Consumer Staples,3,1
116,2026-02-05,2026-06-15,T,Communication Services,3,0
116,2026-02-05,2026-06-15,TSLA,Consumer Discretionary,1,4
116,2026-02-05,2026-06-15,UNH,Health Care,0,3
116,2026-02-05,2026-06-15,V,Financials,0,3
116,2026-02-05,2026-06-15,VZ,Communication Services,3,0
116,2026-02-05,2026-06-15,WMT,Consumer Staples,3,1
116,2026-02-05,2026-06-15,XOM,Energy,2,0
